mainParentCategoryId,shopId,shopType,shopName,branchName,phoneNo,phoneNo2,cityId,shopGroupId,altName,businessHours,score,avgPrice,score4,defaultReviewCount,shopPower,code,dishTagStrList,tag
136,76759096,25,万达影城,丰台店,83890606-820,83890606-821,2,76759096,,,"视效:9.3,环境:9.2,服务:9.1",54,0,429,50,200,,"环境优雅:98,座位舒服:25,音响效果好:24,高大上:13,干净卫生:11,人气旺:11,停车免费:5,画面不错:5,屏幕爽:9,价格高:14"
110,93499468,10,九万士多港式海鲜粥底火锅,,15011507710,,2,79617114,,"周一至周日
11:30-22:00","口味:9.4,环境:9.2,服务:9.4",179,0,152,50,200,,"服务热情:54,味道赞:33,菜品健康:27,海鲜棒:9,体验很棒:6,干净卫生:4,回头客:3,性价比高:3,螃蟹:42,咸柠七:9"
1785,99255592,10,范家小馆・烤鸭店-颐和春晓,丰台万达广场店,83298421,,2,16966288,,"周一至周日
11:00-21:30","口味:9.1,环境:9.2,服务:9.2",82,0,708,50,200,,"上菜快:29,回头客:19,停车方便:12,干净卫生:6,朋友聚餐:16,家庭聚餐:8,请客:7,闺蜜聚会:6,文艺清新:4,现做现卖:3"
141,107968642,30,m古法泰式按摩  ORCHID MASSAGE SPA,万达店,18501019938,,2,27342573,,"周一至周日
12:00-22:00","技师:9.4,环境:9.3,服务:9.4",414,0,34,50,200,,"技师专业:17,放松舒服:12,环境优雅:9,无推销:4,干净卫生:3,按摩:18,足浴:18,推拿:18,spa:16,精油:12"
26484,74697761,10,凤临阁,丰台万达广场店,83683506,,2,74697761,,"周六,周日
11:00-21:30

周一至周五
11:00-14:30
17:00-21:30

非营业时段
2018-02-15至2018-02-15 15:00-24:00","口味:8.8,环境:9.0,服务:9.1",74,0,1144,45,200,,"菜品健康:54,回头客:39,干净卫生:29,上菜快:19,停车免费:5,开放厨房:10,闺蜜聚会:7,朋友聚餐:6,家庭聚餐:5,现做现卖:5"
311,75171523,10,小吊梨汤,万达店,63721728,18811570387,2,2355826,,"周一至周日
10:00-22:00","口味:8.8,环境:9.0,服务:9.0",84,0,1725,45,200,,"回头客:75,上菜快:67,停车方便:4,弄堂小店:24,朋友聚餐:15,请客:10,闺蜜聚会:7,工作餐:6,家庭聚餐:5,文艺清新:4"
26482,74952393,10,杨记兴・臭鳜鱼,万达广场店,83629278,,2,67713765,,"周一至周日
11:00-21:00","口味:9.0,环境:9.2,服务:9.0",122,0,811,50,200,,"肉类好:35,上菜快:29,海鲜棒:23,回头客:18,停车免费:3,朋友聚餐:7,公司聚餐:4,家庭聚餐:3,请客:3,闺蜜聚会:3"
34043,5908274,95,宠我吧狂奔犬舍直营店,,13718060555,,2,5908274,宝宝犬舍,"周一至周日
09:00-22:00",,5311,0,102,50,200,,"服务热情:37,价格实惠:4,环境优雅:4,狗美容:8,狗剃毛:7,猫剃毛:7,接送服务:5"
224,69890815,10,将太无二,丰台万达广场店,63728752,83293352,2,516061,,"周一至周日
10:00-22:00

非营业时段
2018-02-16至2018-02-16 19:00-23:30
2018-02-15至2018-02-15 17:00-23:30","口味:8.9,环境:9.0,服务:9.0",138,0,807,45,200,,"菜品健康:45,回头客:43,上菜快:23,停车免费:3,闺蜜聚会:8,请客:5,深夜食堂:3,朋友聚餐:3,现做现卖:3,公司聚餐:3"
117,97438181,10,甜甜匠蛋糕订制Sweet Maker,丰台万达店,13146848845,18518648645,2,92601057,,"周一至周日
09:00-20:30","口味:9.0,环境:9.0,服务:9.0",199,0,106,50,200,,"味道赞:30,点心好:27,服务热情:24,价格实惠:13,性价比高:7,体验很棒:6,午餐:3"
114,74695394,10,韩时烤肉,丰台万达广场店,63719882,,2,24353324,,"周一至周日
10:00-22:00

非营业时段
2018-02-15至2018-02-15 全天","口味:8.8,环境:8.9,服务:9.1",97,0,834,45,200,,"肉类好:99,回头客:29,主食赞:12,上菜快:8,干净卫生:8,闺蜜聚会:7,朋友聚餐:6,深夜食堂:3,文艺清新:3,工作餐:3"
1833,97759506,10,1点点,丰台万达广场店,18618278692,,2,97759506,,"周一至周日
10:00-22:00","口味:8.4,环境:8.4,服务:9.0",16,0,263,45,200,,"服务热情:49,味道赞:36,饮品赞:23,价格实惠:13,网红店:13,性价比高:9,回头客:5,拔草:10,午餐:7,弄堂小店:3"
160,97828718,50,娟儿美甲美睫,,18146536355,,2,97828718,,"周一至周日
10:00-21:00","效果:9.4,环境:9.4,服务:9.4",147,0,76,50,200,,"服务热情:21,环境优雅:14,干净卫生:7,效果赞:7,体验很棒:6,技师专业:5,无推销:3,手部美甲:26,美睫:8,其他:4"
116,74952397,10,铁匠先生火炉薄饼披萨,丰台万达广场店,63713102,,2,74952397,,"周一至周日
10:00-20:00","口味:8.7,环境:9.1,服务:9.0",75,0,615,45,200,,"上菜快:18,回头客:18,饮品赞:15,牛肉赞:12,干净卫生:8,分量适中:10,工作餐:5,闺蜜聚会:4,现做现卖:3,下午茶:3"
157,75008499,50,木北造型,年度品质榜样店,53682428,,2,75008499,Mubei Studio,"周一至周日
10:30-21:30","效果:9.1,环境:9.2,服务:9.1",484,0,761,50,200,,"服务热情:163,剪发效果好:85,技师专业:67,效果赞:45,环境优雅:44,染发效果好:35,体验很棒:19,无推销:10,干净卫生:7,高大上:5"
205,74954348,10,汤城小厨,丰台万达广场店,83627528,63790768,2,74954348,,"周一至周日
11:00-21:30","口味:8.8,环境:9.1,服务:9.0",95,0,1427,45,200,,"菜品不错:81,肉类好:44,回头客:23,上菜快:15,干净卫生:6,海鲜棒:6,文艺清新:6,工作餐:4,闺蜜聚会:3,分量少:12"
210,74952836,10,和府捞面,丰台万达广场店,15862377967,,2,74952836,,"周一至周日
10:00-21:00","口味:8.5,环境:8.9,服务:8.8",47,0,975,45,200,,"牛肉赞:27,主食赞:24,回头客:23,上菜快:15,菜品健康:15,干净卫生:10,工作餐:14,文艺清新:12,闺蜜聚会:5,下午茶:4"
160,17700710,50,悦・指间美甲,丰台万达店,83610182,,2,2661340,,"周一至周日
10:00-22:00","效果:9.4,环境:9.4,服务:9.4",436,0,548,50,200,,"服务热情:175,环境优雅:76,效果赞:44,技师专业:30,干净卫生:13,高大上:13,无推销:6,手部美甲:125,美睫:33,价格高:6"
160,102354766,50,羽奈美甲美睫,,16619718665,18612690947,2,102354766,,"周一至周日
09:30-22:00","效果:9.3,环境:9.3,服务:9.3",83,0,84,50,200,,"服务热情:24,环境优雅:17,效果赞:12,体验很棒:5,手部美甲:20,美睫:18,其他:4"
1947,74674347,10,潮粥荟潮汕砂锅粥,丰科万达店,53671896,,2,17969122,,"周一至周日
11:00-21:30","口味:8.4,环境:9.0,服务:9.0",90,0,2222,45,200,,"肉类好:21,回头客:19,海鲜棒:16,上菜快:12,停车方便:3,文艺清新:35,闺蜜聚会:7,朋友聚餐:4,下午茶:3,分量少:19"
34041,74954345,10,大渔铁板烧,万达广场店,83890526,83686966,2,562020,,"周一至周日
11:00-14:00
17:00-22:00","口味:8.4,环境:8.6,服务:8.3",262,0,1047,40,200,,"菜品健康:69,回头客:29,干净卫生:6,请客:15,公司聚餐:8,现做现卖:6,朋友聚餐:4,家庭聚餐:4,闺蜜聚会:3,上菜慢:35"
311,74617157,10,羲和雅苑烤鸭坊,丰科万达广场店,15901055021,,2,2401177,,"周一至周日
11:00-14:30
17:00-21:00","口味:8.5,环境:9.0,服务:8.5",146,0,918,45,200,,"回头客:28,上菜快:19,高大上:18,停车免费:8,干净卫生:5,请客:20,家庭聚餐:13,朋友聚餐:10,公司聚餐:3,闺蜜聚会:3"
224,97327510,10,天正河豚金阁,丰科万达店,63782392,,2,5427664,,"周一至周日
11:30-21:00","口味:8.5,环境:9.2,服务:9.2",265,0,157,45,200,,"服务热情:52,味道赞:34,环境优雅:22,肉类好:8,菜品健康:6,主食赞:6,上菜快:3,午餐:9,沙拉:9,价格高:4"
106,69532787,10,满@春饼・烤鸭,丰台万达广场店,53677187,,2,69532823,,"周一至周日
11:30-21:00","口味:8.7,环境:8.4,服务:8.0",68,0,1298,45,200,,"肉类好:100,回头客:40,上菜快:37,海鲜棒:15,有表演:6,干净卫生:4,朋友聚餐:12,家庭聚餐:10,弄堂小店:7,闺蜜聚会:3"
508,76763280,10,汉拿山,丰台万达广场店,83678716,,2,76763280,,"周一至周日
10:00-20:30","口味:8.7,环境:9.0,服务:8.6",111,0,1215,45,200,,"菜品不错:35,牛肉赞:25,回头客:24,上菜快:9,主食赞:8,干净卫生:6,海鲜棒:3,高大上:3,朋友聚餐:9,分量少:6"
160,97788358,50,喵小姐美甲美睫,万达店,18310965841,,2,80534940,,"周一至周日
10:00-22:00","效果:9.2,环境:9.1,服务:9.2",187,0,55,50,200,,"服务热情:15,技师专业:3,效果赞:3,手部美甲:13,美睫:9"
157,92796788,50,Queen造型,丰台万达广场店,15210520118,18393555856,2,76989894,,"周一至周日
10:00-21:30","效果:9.1,环境:9.1,服务:9.1",153,0,226,50,200,,"无推销:41,服务热情:37,剪发效果好:32,环境优雅:25,无办卡:21,效果赞:9,技师专业:8,体验很棒:8,价格实惠:5,干净卫生:3"
248,69421623,10,云朵,丰台万达广场店,18310036907,,2,69421623,,"周一至周日
10:00-22:00","口味:8.1,环境:9.1,服务:8.6",88,0,1478,40,200,,"主食赞:41,上菜快:27,回头客:13,干净卫生:6,海鲜棒:4,朋友聚餐:13,文艺清新:9,工作餐:5,请客:4,现做现卖:3"
4467,92259032,10,老屋川菜,万达店,52903687,,2,5343942,,"周一至周日
10:00-22:00","口味:8.5,环境:8.8,服务:8.5",85,0,537,45,200,,"肉类好:27,上菜快:16,回头客:15,海鲜棒:8,高大上:4,文艺清新:6,工作餐:5,朋友聚餐:4,现做现卖:4,闺蜜聚会:4"
1797,98388647,10,绿茶餐厅,丰台万达店,83817411,83624200,2,98388647,,"周一至周日
11:00-22:00","口味:8.1,环境:8.7,服务:7.9",68,0,679,40,200,,"回头客:45,上菜快:40,主食赞:18,海鲜棒:9,停车免费:4,干净卫生:4,朋友聚餐:7,工作餐:6,闺蜜聚会:5,文艺清新:3"
157,26952861,50,米娜造型,万达广场店,17718400857,18515313444,2,26952861,,"周二至周日
10:00-22:00","效果:9.1,环境:9.1,服务:9.1",83,0,96,50,200,,"服务热情:19,剪发效果好:18,效果赞:11,环境优雅:9,染发效果好:6,无推销:4,技师专业:4,价格实惠:3"
106,74517049,10,关内关外,万达广场店,63727396,,2,67657657,,"周一至周日
11:00-21:00

非营业时段
2018-02-15至2018-02-17 全天","口味:8.2,环境:8.5,服务:7.9",62,0,833,40,200,,"上菜快:42,回头客:29,干净卫生:7,停车免费:4,朋友聚餐:8,家庭聚餐:6,文艺清新:4,工作餐:4,深夜食堂:3,公司聚餐:3"
2890,69943644,15,天秤座量贩式KTV,丰台万达广场店,80757800,,2,69943644,,"周一至周日
10:00-06:00","环境:8.6,音效:8.5,服务:8.0",172,0,380,40,200,,"音响效果好:116,环境优雅:96,服务热情:72,体验很棒:16,歌单齐全:15,性价比高:11,价格实惠:10,高大上:8,干净卫生:6,有包厢:3"
224,102190423,10,福阪食堂,丰科万达店,63789360,,2,102190423,,"周一至周日
10:30-21:30","口味:7.8,环境:8.7,服务:8.3",87,0,114,40,200,,"味道赞:38,主食赞:10,菜品不错:10,上菜快:6,海鲜棒:4,牛肉赞:4,回头客:3,深夜食堂:3,分量少:4,性价比低:4"
1833,97687545,10,甘兔庵京都宇治茶本铺,,13466704391,,2,97687545,,"周一至周日
10:00-22:00","口味:8.2,环境:9.1,服务:8.5",39,0,235,45,200,,"味道赞:49,服务热情:21,饮品赞:17,环境优雅:16,点心好:15,回头客:4,下午茶:13,闺蜜聚会:10,文艺清新:5,价格高:3"
34065,74178519,10,一品焖锅,丰台万达广场店,63702162,,2,74178519,,"周一至周日
10:00-22:00","口味:8.3,环境:8.6,服务:8.6",102,0,355,45,200,,"服务热情:90,味道赞:84,回头客:14,菜品健康:12,干净卫生:4,牛肉赞:4,饮品赞:3,午餐:19,朋友聚餐:3,分量少:5"
508,74952827,10,小猪小牛章鱼水煎肉,丰台万达广场店,53684033,,2,74952827,,"周一至周日
10:30-21:30","口味:8.3,环境:8.5,服务:7.7",94,0,1585,40,200,,"肉类好:127,主食赞:73,回头客:44,上菜快:20,海鲜棒:10,有萌宠:8,停车方便:5,干净卫生:5,闺蜜聚会:19,朋友聚餐:17"
107,97375999,10,米棒台湾饭团,,18600448656,,2,97375999,,"周一至周日
07:00-20:30","口味:8.5,环境:8.0,服务:8.9",13,0,32,45,200,,"服务热情:6,主食赞:4,味道赞:3,性价比高:3,沙拉:4,烤鸭:3"
106,69828263,10,金掌勺东北菜,丰科万达广场店,63739150,,2,3216166,,"周一至周日
11:00-22:00","口味:8.2,环境:8.8,服务:8.5",58,0,553,40,200,,"肉类好:44,上菜快:28,回头客:20,干净卫生:4,停车免费:3,分量适中:16,朋友聚餐:4,家庭聚餐:4,请客:3,工作餐:3"
198,74700537,10,石库门老上海,丰台万达广场店,64030616,,2,14652437,,"周一至周日
10:30-21:30","口味:8.0,环境:8.5,服务:8.1",89,0,577,40,200,,"牛肉赞:21,上菜快:19,回头客:3,弄堂小店:8,下午茶:5,朋友聚餐:4,现做现卖:4,闺蜜聚会:3,工作餐:3,分量少:8"
111,95397707,10,比格比萨,丰科万达店,63788981,,2,95397707,,"周一至周日
11:00-14:00
17:00-21:00","口味:8.1,环境:8.4,服务:8.0",64,0,186,40,200,,"味道赞:30,服务热情:24,性价比高:16,饮品赞:8,价格实惠:8,回头客:5,牛肉赞:4,沙拉:15,菜品少:11,午餐:11"
210,92996429,10,SUPERDOG 超级热狗,,57496420,,2,92996429,,"周一至周日
10:00-21:00","口味:8.0,环境:8.0,服务:8.1",19,0,66,40,200,,"味道赞:14,服务热情:12,性价比高:8,价格实惠:3,午餐:5"
1833,93014336,10,鹿谷u茶,丰科万达金街店,18500179380,,2,93014336,,"周一至周日
全天","口味:8.0,环境:8.2,服务:8.4",23,0,134,40,200,,"饮品赞:26,味道赞:23,服务热情:19,回头客:4,菜品健康:4,性价比高:4,环境优雅:4,价格实惠:3,体验很棒:3,文艺清新:6"
4467,92465775,10,重庆老太婆摊摊面,丰科万达金街店,13521719499,13001299870,2,92465775,,"周一至周日
09:30-21:00","口味:8.3,环境:8.1,服务:8.5",19,0,131,45,200,,"味道赞:39,服务热情:24,性价比高:7,午餐:9,价格高:4"
1833,97517721,10,CoCo都可,丰台万达店店,18511131749,,2,97517721,,"周一至周日
10:00-21:30","口味:8.1,环境:8.6,服务:7.9",16,0,111,40,200,,"味道赞:15,服务热情:12,饮品赞:8,性价比高:7,回头客:6,价格实惠:6,高大上:4,有休息区:3"
3027,103349859,10,新辣道鱼火锅,丰台万达店,63735792,63738151,2,103349859,,"周一至周日
10:00-22:00","口味:8.3,环境:8.4,服务:8.4",106,0,127,40,200,,"服务热情:50,味道赞:38,回头客:12,菜品健康:12,性价比高:11,海鲜棒:9,环境优雅:8,价格实惠:7,干净卫生:6,上菜快:3"
205,74944423,10,避风塘,丰台万达广场店,68828088,,2,507608,,"周一至周日
10:00-21:30","口味:8.1,环境:8.7,服务:8.0",82,0,882,40,200,,"回头客:29,饮品赞:11,干净卫生:8,牛肉赞:8,海鲜棒:3,下午茶:14,工作餐:8,闺蜜聚会:5,上菜慢:25,分量少:14"
32733,98058055,10,麻辣o情・重庆老火锅,丰台万达店,17777861826,,2,98058055,,"周一至周日
09:30-14:00
17:00-23:00","口味:8.4,环境:9.0,服务:9.1",98,0,124,45,200,,"服务热情:60,味道赞:34,牛肉赞:14,菜品健康:11,饮品赞:8,性价比高:8,环境优雅:7,分量足:5,午餐:15,文艺清新:3"
101,69138121,10,谢蟹浓肉蟹煲,丰台万达广场店,63726326,83603882,2,69138121,,"周六,周日
11:00-21:30

周一至周五
11:00-21:00","口味:7.7,环境:8.2,服务:7.6",88,0,1476,40,200,,"味道赞:241,菜品不错:45,肉类好:39,回头客:27,上菜快:13,主食赞:13,海鲜棒:9,干净卫生:6,朋友聚餐:11,闺蜜聚会:7"
141,92263007,30,康源推拿,万达广场店,15601070527,,2,76896112,,"周一至周日
10:00-22:00","技师:8.7,环境:8.6,服务:8.7",83,0,71,45,200,,"技师专业:33,服务热情:8,放松舒服:7,环境优雅:3,性价比高:3,推拿:24,按摩:20,足浴:20"
117,76881530,10,好利来,丰台万达广场店,63728229,,2,76881530,,"周一至周日
09:00-22:00","口味:8.6,环境:8.7,服务:8.6",49,0,131,45,200,,"点心好:30,服务热情:25,味道赞:23,体验很棒:6,饮品赞:3,早餐:11,价格高:4"
1833,74954551,10,鲜芋仙,丰台万达广场店,13366274201,,2,74954551,,"周一至周日
10:00-22:00","口味:8.2,环境:8.1,服务:8.0",27,0,240,40,200,,"味道赞:27,服务热情:27,饮品赞:11,性价比高:10,回头客:9,价格实惠:8,环境优雅:6,下午茶:5,闺蜜聚会:3,分量少:10"
247,74952602,10,赣悦汤厨,丰台万达广场店,63710380,,2,22070914,,"周一至周日
09:30-21:30","口味:8.0,环境:8.4,服务:7.7",77,0,655,40,200,,"肉类好:23,回头客:20,主食赞:10,海鲜棒:8,干净卫生:3,家庭聚餐:3,现做现卖:3,公司聚餐:3,上菜慢:13,分量少:9"
27813,98116564,70,金色童年专业儿童摄影,丰台万达店,56152899,18518618836,2,23585203,,"周一至周日
09:00-18:30",,1536,0,61,45,200,,"服务热情:31,摄影师好:10,环境优雅:9,效果赞:5,体验很棒:5,性价比高:4"
219,95358793,10,热辣生活,丰科万达店,63733520,,2,95358793,,"周一至周日
10:00-22:00","口味:9.0,环境:8.8,服务:8.5",60,0,104,45,200,,"味道赞:31,服务热情:24,菜品不错:4,回头客:3,性价比高:3,螃蟹:3,价格高:6"
4477,74954344,10,小辉哥火锅,丰台万达广场店,83681268,,2,74954344,,"周一至周日
11:00-21:00

非营业时段
2018-02-15至2018-02-15 全天","口味:7.7,环境:8.8,服务:8.2",123,0,324,40,200,,"味道赞:56,菜品健康:34,回头客:9,干净卫生:6,上菜快:5,饮品赞:4,海鲜棒:3,高大上:3,工作餐:10,分量少:16"
217,93023257,10,王胖子驴肉火烧,丰台金街店,13381373059,,2,93023257,,"周一至周日
08:00-22:00","口味:8.3,环境:8.3,服务:8.4",29,0,98,45,200,,"味道赞:23,服务热情:19,价格实惠:9,菜品不错:8,性价比高:8,干净卫生:7,回头客:5,肉类好:5,分量足:3,午餐:4"
251,97326768,10,花甲客时尚海鲜主题餐厅,,17611107010,,2,97326768,,"周一至周日
10:00-22:30","口味:7.9,环境:7.9,服务:8.0",28,0,34,40,200,,"味道赞:10,服务热情:9,价格实惠:3,性价比高:3,花甲:11,午餐:3"
3017,92838673,10,辣一天川小馆,丰科万达店,13520310078,,2,79664236,,"周一至周日
11:00-22:00","口味:7.7,环境:8.1,服务:8.2",62,0,251,40,200,,"味道赞:58,服务热情:30,菜品不错:12,肉类好:9,上菜快:4,干净卫生:4,回头客:3,点心好:3,朋友聚餐:3,分量少:7"
116,103668518,10,共禾之约・创意轻食,丰台科技园店,18613883733,,2,103668518,,"周一至周日
09:00-20:30","口味:8.1,环境:7.9,服务:8.1",46,0,162,40,200,,"菜品健康:73,味道赞:67,服务热情:46,干净卫生:8,体验很棒:8,肉类好:3,分量足:3,沙拉:40,午餐:17,现做现卖:5"
116,75010321,10,必胜客,丰台万达广场店,63753660,,2,510180,Pizza Hut,"周一至周日
10:00-22:00","口味:8.3,环境:8.7,服务:8.2",80,0,380,40,200,,"回头客:15,牛肉赞:7,菜品健康:6,有萌宠:3,干净卫生:3,下午茶:14,朋友聚餐:4,闺蜜聚会:4,工作餐:4,上菜慢:11"
25474,74693803,10,好嫂子,丰科万达店,83622516,,2,74693803,,"周一至周日
10:00-22:00","口味:7.8,环境:8.2,服务:7.8",50,0,308,40,200,,"味道赞:85,肉类好:31,菜品不错:26,上菜快:21,回头客:12,分量足:10,主食赞:8,海鲜棒:6,工作餐:8,朋友聚餐:3"
252,74675546,10,欢心谷舞,丰台万达广场店,13717679633,,2,74675546,,"周一至周日
11:00-21:30","口味:7.9,环境:8.3,服务:8.3",65,0,317,40,200,,"味道赞:87,服务热情:37,菜品不错:35,肉类好:28,性价比高:22,价格实惠:13,回头客:6,上菜快:5,现做现卖:3,分量少:7"
207,73503745,10,大咀港式茶餐厅,丰台万达广场店,63752076,,2,73503745,,"周一至周日
10:30-21:00","口味:7.4,环境:8.3,服务:8.0",80,0,787,35,200,,"饮品赞:42,上菜快:22,回头客:15,海鲜棒:8,干净卫生:7,牛肉赞:3,下午茶:9,闺蜜聚会:6,工作餐:3,分量少:9"
1833,75008281,10,m芳@,丰台万达广场店,13261559276,,2,75008281,,"周一至周日
10:00-21:00","口味:8.1,环境:8.2,服务:8.0",20,0,251,40,200,,"味道赞:43,饮品赞:33,服务热情:17,价格实惠:8,回头客:4,海鲜棒:4,性价比高:4,现做现卖:6,午餐:4,下午茶:3"
221,97677673,10,京川婆婆骨汤麻辣烫,金街店,18311359713,,2,97677673,,"周一至周日
09:00-21:00","口味:8.1,环境:8.1,服务:8.4",22,0,51,40,200,,"服务热情:18,味道赞:12,菜品健康:8,性价比高:6,回头客:5,价格实惠:5,午餐:8"
148,74633909,50,兰瑜伽,丰台万达广场店,53602968,,2,74633909,,"周一至周日
10:00-22:00","效果:8.9,环境:8.8,服务:8.7",0,0,26,45,200,,"技师专业:9,环境优雅:7,服务热情:7,价格实惠:4,性价比高:4,效果赞:4,无推销:3,体验课:6"
27767,98953850,70,婴幼儿水育体验店,丰科万达店,17710868169,17710858659,2,70434542,,"周一,周三至周日
10:00-22:00",,131,0,45,40,200,,"老师超赞:16,环境优雅:16,服务热情:13"
25147,100444922,95,Attitudepet态度宠物生活馆,,56076883,18511113708,2,100444922,,"周一至周日
10:00-22:00","服务:9.2,环境:9.2,划算:9.2",363,0,22,50,200,,"服务热情:9,环境优雅:6,狗美容:4,狗剃毛:4,猫剃毛:4"
1783,74952395,10,蓉李记成都名小吃,丰台万达广场店,15712906744,,2,74952395,,"周一至周日
10:00-21:00","口味:7.5,环境:7.9,服务:7.6",34,0,369,35,200,,"味道赞:84,上菜快:10,回头客:9,点心好:7,分量足:7,肉类好:6,干净卫生:4,海鲜棒:4,钵钵鸡:55,工作餐:8"
2994,74616575,70,宝贝王,丰科万达广场店,4008600896,,2,74616575,,"周一至周日
10:00-22:00","效果:7.4,师资:7.0,环境:7.2",125,0,152,35,200,,"服务热情:9,环境优雅:6,性价比高:6,价格高:15"
117,110267394,10,满满元气枣糕,丰台万达广场店,18611431865,,2,110267394,,"周一至周日
10:00-21:30","口味:8.3,环境:8.2,服务:8.1",25,0,25,40,200,,"服务热情:6,味道赞:4,拔草:3"
112,111131843,10,阿甘锅盔,丰科万达店,,,2,111131843,,"周一至周日
10:30-22:00","口味:7.5,环境:7.3,服务:7.3",13,0,48,35,200,,"味道赞:5,午餐:5,拔草:4"
210,76751689,10,汉堡王,丰台万达广场店,63738728,,2,76751689,,"周一至周日
10:00-22:00","口味:8.2,环境:8.0,服务:7.5",39,0,138,40,200,,"味道赞:13,服务热情:10,回头客:6,环境优雅:6,炸鸡:4,下午茶:3,午餐:3,沙拉:3"
4477,76751697,10,呷哺呷哺,丰科万达店,83631650,,2,511545,,"周一至周日
10:00-21:00","口味:8.2,环境:8.2,服务:7.4",64,0,365,35,200,,"服务热情:79,味道赞:44,回头客:30,菜品健康:24,高大上:23,上菜快:14,饮品赞:13,干净卫生:6,分量足:4,朋友聚餐:5"
6715,98175463,20,结绳匠人,丰台万达广场店,18518882325,,2,98175463,,"周一至周日
10:00-22:00","产品:8.0,环境:8.0,服务:8.0",0,0,8,40,200,,
33844,93774907,45,威尔士健身会所,丰台万达店,52801991,,2,2692156,,"周一至周日
10:00-22:00","设施:9.0,环境:9.0,服务:8.0",4790,0,72,40,200,,"环境优雅:14,教练很棒:10,服务热情:10,干净卫生:7,体验很棒:6,设施很赞:6,器械齐全:4"
210,97576440,10,kao铺,丰台金街店,13521888100,,2,97576440,,"周一至周日
10:00-21:00","口味:8.0,环境:7.9,服务:8.1",20,0,54,40,200,,"味道赞:18,性价比高:11,服务热情:9,主食赞:6,价格实惠:6,菜品健康:4,牛肉赞:3,分量足:3,午餐:9,工作餐:4"
137,74616859,30,Play1家庭娱乐中心,丰科万达店,83686456,,2,74616859,,"周一至周日
10:00-22:00",,110,0,97,40,200,,"环境优雅:7,放松舒服:3,刺激好玩:13,场地好:4"
3048,98108508,75,北京K歌培训网,丰科万达店,4001790671,13261229118,2,70444516,,"周一至周日
10:00-21:00","效果:9.0,师资:9.0,环境:9.0",109,0,48,45,200,,"老师超赞:20,环境优雅:5,课程很赞:3,体验课:36,学习中:7,正式课:6,已学完:4,教学先进:3"
223,74617697,10,举个栗子,丰科万达广场店,13581760778,,2,74617697,,"周一至周日
10:00-21:00","口味:8.1,环境:8.1,服务:8.1",22,0,515,40,200,,"服务热情:45,味道赞:33,性价比高:6,体验很棒:6,菜品健康:5,回头客:4,干净卫生:4,高大上:3,现做现卖:4,价格高:19"
208,74702897,10,御涮苑・京南第一涮,丰台万达店,63715726,,2,584403,,"周一至周日
11:30-21:00","口味:7.8,环境:8.4,服务:8.0",94,0,601,35,200,,"味道赞:71,菜品健康:20,上菜快:13,干净卫生:11,饮品赞:6,回头客:4,海鲜棒:4,交通便利:3,朋友聚餐:5,分量少:6"
132,83518603,10,星巴克,丰科路万达广场店,,,2,83518603,,"周一至周日
08:30-22:00","口味:8.6,环境:8.5,服务:7.9",39,0,124,40,200,,"服务热情:18,味道赞:14,环境优雅:8,回头客:5,饮品赞:4,点心好:3,下午茶:5,早餐:4,冬日推荐:3,圣诞:3"
33887,75008503,90,名创优品,丰台万达广场店,,,2,75008503,MINISO,"周一至周日
10:00-22:00",,0,0,28,45,200,,"材料赞:4,性价比高:4,价格实惠:3"
3064,112027922,80,红像馆最美证件照,总部基地店,86466183,,2,96741602,,"周一至周日
10:00-19:00",,0,0,11,40,200,,服务热情:3
117,75008121,10,米芝莲,丰台万达广场店,63732250,,2,75008121,,"周一至周日
10:00-22:00","口味:8.1,环境:8.2,服务:8.0",21,0,954,40,200,,"味道赞:66,饮品赞:59,服务热情:41,回头客:9,干净卫生:3,点心好:3,现做现卖:12,下午茶:6,深夜食堂:3,闺蜜聚会:3"
120,74616697,20,UNIQLO,丰台万达广场店,83683236,,2,74616697,优衣库,"周一至周日
10:00-22:00","产品:8.7,环境:8.6,服务:8.3",165,0,43,40,200,,"服务热情:7,价格实惠:5,人气旺:3,性价比高:3,店大:4"
104,74617483,10,潞久翠清,丰科万达广场店,13522019317,,2,74617483,,"周一至周日
10:00-21:30","口味:7.4,环境:8.3,服务:7.4",91,0,302,35,200,,"菜品不错:31,肉类好:12,海鲜棒:9,高大上:6,回头客:5,主食赞:4,公司聚餐:4,现做现卖:3,上菜慢:11,分量少:3"
34203,74950855,70,纽约国际儿童俱乐部,丰台科技园店,4000303096-00064,,2,19168996,NYC丰科中心,"周一至周日
10:00-22:00","效果:8.2,师资:8.1,环境:8.1",23703,0,88,40,200,,"老师超赞:17,环境优雅:13,服务热情:6,体验很棒:6"
120,74616503,20,ZARA,丰台万达广场店,63726716,,2,74616503,,"周一至周日
10:00-22:00","产品:8.5,环境:8.4,服务:7.1",388,0,53,35,200,,"打折多:6,款式丰富:6,服务热情:5,价格实惠:3,环境优雅:3,性价比高:3,店大:9,人气一般:5"
135,102530204,15,天枰座KTV,,80799700,,2,102530204,,,"环境:7.9,音效:7.9,服务:7.9",0,0,6,40,200,,
34065,101622088,10,虾涮虾涮三斗锅,丰科万达店,17319239860,,2,101622088,,"周一至周日
11:30-14:00
17:30-22:00","口味:7.1,环境:7.8,服务:7.2",93,0,123,35,200,,"服务热情:37,味道赞:34,菜品不错:8,性价比高:5,干净卫生:4,回头客:3,环境优雅:3,午餐:7,分量少:5,价格高:4"
217,93238560,10,一心向膳烤猪蹄,丰台万达广场店,,,2,93238560,,"周一至周日
10:00-22:00","口味:8.1,环境:7.4,服务:7.3",20,0,102,35,200,,"味道赞:35,肉类好:18,服务热情:3,午餐:5,拔草:3"
226,75010277,10,吉野家,丰台万达广场店,63711280,,2,508937,Yoshinoya,"周一至周日
09:00-21:00","口味:7.8,环境:8.0,服务:7.6",27,0,148,35,200,,"味道赞:25,主食赞:14,性价比高:12,回头客:9,菜品不错:5,上菜快:3,干净卫生:3,牛肉赞:3,午餐:20,分量少:3"
4557,74673543,10,陈兴记生煎,丰台万达广场店,63732970,,2,74673543,,"周一至周日
10:00-22:00","口味:7.3,环境:7.3,服务:7.7",32,0,249,35,200,,"味道赞:41,服务热情:27,上菜快:14,肉类好:9,性价比高:9,价格实惠:8,回头客:4,午餐:21,体验一般:11,现做现卖:3"
111,74952823,10,串梦空间,丰台万达广场店,57220220,,2,74952823,,"周一至周日
10:00-22:00","口味:6.2,环境:7.0,服务:7.2",104,0,636,30,200,,"海鲜棒:32,回头客:11,牛肉赞:11,上菜快:8,干净卫生:7,停车免费:3,高大上:3,现做现卖:10,朋友聚餐:7,家庭聚餐:3"
157,74620362,50,米琳造型,丰台万达广场店,15311817585,,2,28609784,,"周二至周日
10:00-22:00","效果:8.7,环境:8.6,服务:8.7",135,0,40,45,200,,"剪发效果好:11,服务热情:10,效果赞:9,染发效果好:6,技师专业:4,性价比高:4"
128,75005373,20,宝岛眼镜,丰台万达广场店,63726809,,2,75005373,,"周一至周日
10:00-22:00","产品:8.2,环境:8.3,服务:8.2",769,0,29,40,200,,"服务热情:13,环境优雅:3,体验很棒:3"
25147,74951068,95,兔子百货,丰台万达广场店,83617056,,2,74951068,,"周一至周日
10:00-22:00","服务:8.0,环境:8.1,划算:7.5",718,0,73,40,200,,"服务热情:10,价格实惠:4,环境优雅:4,狗粮:3"
6709,76874312,45,实感射击体验馆,丰台万达广场店,,,2,76874312,,"周一至周日
09:00-21:00",,0,0,13,35,200,,
33955,97957459,50,苗医生祛痘祛斑.皮肤管理,丰台万达店,13522282139,,2,97957459,,"周一至周日
10:00-21:00","效果:8.2,环境:8.2,服务:8.2",0,0,7,40,200,,服务热情:3
149,97662981,50,EON DANCE STUDIO,丰科万达店,57287920,13403419830,2,66265711,,"周一至周日
10:00-21:00","效果:7.9,环境:7.9,服务:7.9",0,0,10,40,200,,体验课:3
210,74617548,10,袁记小吃,丰科万达广场店,18910081925,,2,74617548,,"周一至周日
09:00-21:00","口味:7.0,环境:7.3,服务:7.2",21,0,176,35,200,,"味道赞:31,肉类好:17,上菜快:7,回头客:6,主食赞:5,干净卫生:4,肉夹馍:105,午餐:25,工作餐:3,分量少:3"
3064,97275449,80,柯达鑫美数码-丰科店,,56202289,,2,97275449,,"周一至周日
10:00-22:00",,71,0,24,45,200,,服务热情:7
117,75008274,10,西树泡芙,丰台万达广场店,18811025663,,2,75008274,,"周一至周日
10:00-21:00","口味:7.3,环境:7.5,服务:7.3",23,0,95,35,200,,"服务热情:15,味道赞:14,回头客:5,价格实惠:3,拔草:3"
217,75008512,10,继光香香鸡,万达广场店,18210407066,13718737337,2,75008512,,"周一至周日
08:00-22:00","口味:7.8,环境:7.8,服务:7.5",25,0,120,35,200,,"味道赞:23,服务热情:13,肉类好:9,菜品不错:7,海鲜棒:5,性价比高:4,炸鸡:51,拔草:3,分量少:4"
104,83572092,10,翠清,,63739019,,2,83572092,,,"口味:6.7,环境:7.2,服务:6.9",109,0,43,30,200,,"味道赞:10,性价比高:4,服务热情:4"
187,96442185,20,永辉超市,丰台万达广场店,63727726,,2,96442185,,"周一至周日
08:00-22:00","产品:7.8,环境:7.5,服务:7.1",78,0,46,35,200,,"价格实惠:8,款式丰富:4,人气旺:4,性价比高:4,体验很棒:3"
120,74951074,20,6IXTY 8IGHT,丰台万达广场店,83817318,,2,74951074,68,"周一至周日
10:00-22:00","产品:8.2,环境:8.0,服务:7.4",0,0,22,35,200,,价格实惠:5
117,95022000,10,魔法私厨蛋糕甜品店,,18511819890,13331151273,2,95022000,,"周一至周日
09:30-22:00","口味:7.0,环境:7.3,服务:7.3",0,0,14,35,200,,服务热情:3
3023,97958521,10,鱼恋虾,,13811867025,,2,97958521,,"周一至周日
10:00-21:00","口味:7.6,环境:7.7,服务:7.9",0,0,11,35,200,,肉类好:3
241,76751683,10,DQ,丰台万达广场店,83603280,,2,76751683,,"周一至周日
10:00-21:00","口味:7.5,环境:7.6,服务:7.4",25,0,98,35,200,,"味道赞:15,服务热情:13,价格实惠:7,性价比高:6,回头客:4,点心好:4,有萌宠:3"
117,74617861,10,北京稻香村,丰台万达广场店,15116969770,,2,74617861,,"周一至周日
08:00-22:00","口味:7.7,环境:7.9,服务:7.6",0,0,41,40,200,,"服务热情:11,点心好:6,味道赞:3,春节:4,复古:3"
1819,97663437,10,小恒水饺,丰科万达店,83615591,,2,97663437,,"周一至周日
09:00-22:00","口味:7.7,环境:8.1,服务:7.8",29,0,64,35,200,,"味道赞:20,服务热情:11,性价比高:6,环境优雅:5,上菜快:3,价格实惠:3,午餐:6"
6827,74617089,90,元懋翔,丰科万达广场店,63720576,83362288-928,2,74617089,,"周一至周日
10:00-22:00",,0,0,32,50,200,,"服务热情:12,环境优雅:3"
33775,74655288,70,巧虎,丰台万达广场店,,,2,74655288,,,"卫生:6.9,趣味:6.9,服务:6.9",0,0,2,35,200,,
112,93171843,10,柒记螺蛳粉,丰台金街店,18810912571,,2,93171843,,"周一至周日
10:00-22:00","口味:6.9,环境:6.8,服务:7.2",25,0,80,30,200,,"味道赞:12,服务差:8"
2818,75008904,55,周生生,丰台万达广场店,4000908610-168461,,2,75008904,,"周一至周日
10:00-22:00",,0,0,15,45,200,,"服务热情:8,体验很棒:3"
1833,96064520,10,royaltea皇茶,丰台万达店,15811195902,,2,96064520,,"周一至周日
08:30-22:00","口味:7.6,环境:7.6,服务:7.6",18,0,92,35,200,,"味道赞:20,饮品赞:15,服务热情:13,性价比高:8,价格实惠:7"
117,75003615,10,面包新语,丰科店,63726796,,2,75003615,,"周一至周日
10:00-22:00","口味:7.5,环境:7.9,服务:7.2",22,0,75,35,200,,"点心好:13,味道赞:13,服务热情:7"
112,97806312,10,义门白家手工酸辣粉,,18623488825,,2,97806312,,"周一至周日
10:00-21:30","口味:6.7,环境:6.7,服务:6.6",26,0,62,30,200,,"味道赞:6,回头客:3,体验很棒:3,钵钵鸡:5,午餐:4"
137,83519522,30,Play家庭娱乐中心,丰台万达广场店,,,2,83519522,,"周一至周日
10:00-22:00",,0,0,19,35,200,,刺激好玩:7
123,75008901,50,SEPHORA,丰台万达广场店,63799166,,2,75008901,,"周一至周日
10:00-22:00","效果:7.4,环境:7.4,服务:7.1",0,0,13,35,200,,服务热情:3
2994,95040318,70,易轮滑少儿运动中心,万达广场店,13051738082,,2,66057581,,"周一至周日
10:00-22:00","效果:7.9,师资:7.9,环境:7.3",0,0,10,40,200,,老师超赞:6
1833,74952835,10,Eimio爱咪欧冻酸奶,万达广场店,63780850,,2,74952835,,"周一至周日
10:00-22:00","口味:7.9,环境:8.1,服务:8.0",25,0,70,40,200,,"服务热情:13,味道赞:10,饮品赞:4,价格实惠:3,性价比高:3"
2974,93110932,80,天衣无缝裁缝店,丰台万达广场店,18210111439,,2,93110932,,"周一至周日
09:30-21:30",,0,0,6,40,200,,
33924,76905577,10,鲜品萃mini回转寿司,丰台万达广场店,13366754104,,2,76905577,,"周一至周日
11:00-22:00","口味:6.5,环境:6.8,服务:6.9",66,0,116,30,200,,"味道赞:24,服务热情:18,价格实惠:11,性价比高:10,菜品不错:6,回头客:4,午餐:12,沙拉:3,肉类差:6,上菜慢:3"
34034,74617792,50,诺曼姿身心灵健康驿站,丰台丰科万达广场店,83678376,,2,76870292,,"周一至周日
09:00-21:00","效果:7.8,环境:7.9,服务:8.3",0,0,52,40,200,,"技师专业:4,环境优雅:3,服务热情:3"
1833,97693587,10,黑研舍,万达金街店,13426000525,,2,97693587,,"周一至周日
10:00-20:00","口味:7.0,环境:7.3,服务:7.0",0,0,5,35,200,,
137,96732139,30,万达金街商区zzw娃娃店,,13910383533,,2,96732139,,"周一至周日
11:30-22:00",,0,0,7,35,200,,
33845,98696494,45,VIDA运动馆,丰台万达广场店,15001218008,,2,58604622,,"周一,周日
10:00-22:00","设施:7.7,环境:7.7,服务:7.7",0,0,2,35,200,,
34072,102366381,65,美车时代汽车装饰中心,丰台店,13611307886,,2,22406320,,"周一至周日
09:00-21:00",,0,0,11,35,200,,
217,98245778,10,吃惑,丰科万达金街店,17361560427,17361560426,2,98245778,,"周一至周日
10:00-22:00

非营业时段
2018-02-12至2018-02-27 全天","口味:7.2,环境:7.2,服务:7.2",0,0,3,35,200,,
1833,76720466,10,四云奶盖贡茶,丰台万达广场店,15611090012,,2,76720466,,"周一至周日
10:00-21:00","口味:7.4,环境:7.4,服务:7.0",22,0,106,35,200,,"饮品赞:22,味道赞:14,服务热情:9,性价比高:3,午餐:3"
2816,74618556,55,周大福,丰台万达广场店,4000908610-224676,,2,74618556,,"周一至周日
10:00-22:00",,0,0,18,40,200,,
1833,98063356,10,乌茶邦,丰台万达金街店,13581635386,,2,98063356,,"周一至周日
09:30-22:00","口味:7.4,环境:7.5,服务:7.5",0,0,16,35,200,,"服务热情:4,饮品赞:3"
222,76870144,10,周黑鸭,北京丰科万达店,4001717917,,2,2730043,,,"口味:7.5,环境:7.4,服务:7.3",39,0,20,35,200,,"味道赞:4,服务热情:3"
120,75008501,20,hotwind,丰台万达广场店,63717376,,2,75008501,热风,"周一至周日
10:00-22:00","产品:7.6,环境:7.4,服务:7.4",0,0,16,35,200,,服务热情:3
210,97760426,10,多米巷,,15910799487,,2,97760426,,"周一至周日
09:00-21:30","口味:7.4,环境:7.5,服务:7.3",0,0,14,35,200,,
160,93650399,50,Mx焕颜美妆美甲美睫,丰台科技园万达店,15330255247,,2,20950985,,"周一至周日
10:00-22:00","效果:7.5,环境:7.5,服务:7.6",0,0,23,35,200,,"服务热情:5,性价比高:3,手部美甲:5,美睫:4"
4473,74448190,10,蜀江烤鱼,丰科万达广场店,83683536,,2,74448190,,"周一至周日
10:00-22:00","口味:6.2,环境:7.0,服务:6.5",93,0,388,30,200,,"味道赞:49,服务热情:49,海鲜棒:11,回头客:7,价格实惠:7,环境优雅:5,干净卫生:4,菜品差:22,上菜慢:11,分量少:7"
1833,74945624,10,快乐柠檬,丰台万达广场店,,,2,74945624,,"周一至周日
10:00-22:00","口味:6.7,环境:6.8,服务:6.8",16,0,95,30,200,,"味道赞:19,饮品赞:11,服务热情:8,性价比高:5,回头客:3,价格实惠:3"
121,83520493,20,耐克YOUNGATHLETES,丰台万达广场店,,,2,83520493,,"周一至周日
10:00-22:00","产品:7.1,环境:7.1,服务:7.1",0,0,2,35,200,,
1811,74953030,10,三元梅园,丰台万达广场店,83621462,,2,74953030,,"周一至周日
10:00-22:00","口味:6.7,环境:7.2,服务:6.9",20,0,104,30,200,,"味道赞:18,点心好:11,服务热情:9,饮品赞:6,回头客:3,性价比高:3,午餐:3,价格高:3"
157,97614761,50,美奇丝私人定制,通州万达店,15210798804,,2,37931219,,"周一至周日
11:00-20:00","效果:8.1,环境:7.7,服务:8.1",0,0,6,40,200,,
123,75008711,50,Innisfree,丰台万达广场店,,,2,75008711,悦诗风吟,"周一至周日
10:00-22:00","效果:7.3,环境:7.3,服务:7.3",0,0,7,35,200,,服务热情:3
121,74952385,20,VANS,丰科万达广场店,,,2,74952385,范斯|万斯,"周一至周日
10:00-22:00","产品:7.7,环境:7.9,服务:6.8",0,0,14,35,200,,服务热情:3
27809,74654087,70,NIKE KIDS,丰台万达广场店,63725106,,2,74654087,,"周一至周日
10:00-22:00",,0,0,3,35,200,,
27809,74633972,70,丽家宝贝,丰台万达广场店,83816253,,2,74633972,,"周一至周日
10:00-22:00",,0,0,7,35,200,,
123,90306282,50,屈臣氏,丰台万达店,83689150,,2,90306282,,"周一至周日
10:00-22:00","效果:6.7,环境:7.1,服务:6.6",0,0,17,30,200,,服务热情:5
34124,75008504,20,酷乐潮玩,丰台万达广场店,83689570,,2,75008504,,"周一至周日
10:00-22:00","产品:7.5,环境:7.5,服务:7.2",0,0,8,35,200,,
112,98504830,10,长盛源老四川小吃,丰田万达广场金街店,15210077841,,2,98504830,,"周一至周日
10:00-20:00","口味:7.7,环境:7.7,服务:7.7",0,0,5,35,200,,
1833,80993716,10,如思云品,丰科万达店,18401793282,,2,80993716,,"周一至周日
10:00-22:00","口味:7.2,环境:7.3,服务:7.3",34,0,21,35,200,,"味道赞:9,服务热情:6,饮品赞:3,价格实惠:3,弄堂小店:3"
118,92909284,10,邹三胖驴肉火烧,,18032749434,,2,92909284,,,"口味:7.7,环境:7.4,服务:7.3",0,0,13,35,200,,"味道赞:3,早餐:3"
3064,102298065,80,柯达乐生活,丰台万达广场店,,,2,102298065,Kodak,,,0,0,3,35,200,,
120,75008906,20,moussy+sly,丰台万达广场店,,,2,75008906,,"周一至周日
10:00-22:00","产品:7.0,环境:6.9,服务:6.9",0,0,9,35,200,,
120,74951937,20,Dr.Kong江博士健康鞋,丰台万达店,63729850,,2,74951937,,"周一至周日
10:00-22:00","产品:7.8,环境:7.8,服务:7.8",0,0,4,40,200,,
121,74952381,20,OnitsukaTiger,丰台万达广场店,83293726,,2,74952381,鬼冢虎|OT,"周一至周日
10:00-22:00","产品:7.4,环境:7.4,服务:7.4",0,0,6,35,200,,
120,74952158,20,Dickies,丰台万达广场店,,,2,74952158,迪凯思|迪凯斯,"周一至周日
10:00-22:00","产品:7.3,环境:7.2,服务:7.3",0,0,6,35,200,,
128,95039733,20,木九十,丰台万达广场店,,,2,95039733,,周一至周日 10:00-22:00,"产品:6.9,环境:6.9,服务:6.9",0,0,1,30,200,,
121,75008513,20,FILA,丰台万达广场店,4008867699,,2,75008513,斐乐,"周一至周日
10:00-22:00","产品:7.0,环境:7.0,服务:6.6",0,0,3,30,200,,
1833,95546560,10,royaltea皇茶,丰台金街店,13161243815,,2,95546560,,"周一至周日
09:30-22:00","口味:7.2,环境:7.2,服务:7.3",17,0,22,35,200,,"服务热情:8,味道赞:6,饮品赞:4"
1833,98598471,10,淇滋补燕窝体验店,,13683159476,,2,98598471,,"周一至周日
10:00-22:00","口味:7.7,环境:7.7,服务:7.7",0,0,4,35,200,,
26085,76881643,20,花儿与海洋,花儿与海洋,56287998,18612727259,2,76881643,,"周一至周日
10:00-22:00","产品:7.9,环境:8.1,服务:7.7",188,0,11,40,200,,
129,98654739,20,多米熊快闪店,,85958477,,2,98654739,,"周一至周日
10:00-22:00","产品:7.1,环境:7.1,服务:7.1",0,0,1,35,200,,
210,93198038,10,肯德基甜品站,丰科万达店,83629986,,2,93198038,,"周一至周日
10:00-22:00","口味:7.0,环境:7.1,服务:6.8",0,0,13,30,200,,
3027,108136813,10,新辣道,,18301233454,,2,108136813,,"周一至周日
10:00-22:00","口味:7.6,环境:7.6,服务:7.7",0,0,8,35,200,,"味道赞:4,服务热情:3"
27810,74950849,70,KidsLand,丰台万达广场店,,,2,4220386,,"周一至周日
10:00-22:00",,0,0,1,35,200,,
1817,102298426,10,云南过桥米线,丰台万达广场店,,,2,102298426,,,"口味:6.9,环境:6.9,服务:6.9",0,0,3,30,200,,
125,74633924,70,欧博尔,丰台万达广场店,18201558994,59467676,2,74633924,,"周一至周日
10:00-22:00",,7092,0,49,30,200,,"服务热情:15,体验很棒:6,环境优雅:3,价格适中:3"
34006,74618296,80,华夏典当行,丰台万达广场店,4008400500,,2,74618296,,"周一至周日
09:00-22:00",,0,0,7,35,200,,服务热情:4
121,74667663,20,CONVERSE,丰台万达广场店,,,2,74667663,匡威,"周一至周日
10:00-22:00","产品:7.2,环境:7.2,服务:7.2",0,0,3,35,200,,
210,95991572,10,第一佳大鸡排,万达金街店,13621047202,,2,95991572,,"周一至周日
13:00-19:00","口味:7.4,环境:7.4,服务:7.4",0,0,2,35,200,,
25147,96647798,95,旺家宠物,顺义区板桥店,18701117352,13521778508,2,96647798,,"周一至周日
10:00-21:00","服务:7.2,环境:7.2,划算:7.2",0,0,4,35,200,,
3023,74691231,10,重庆老灶火锅,丰科万达广场店,83681250,,2,74691231,,"周一至周日
10:00-22:00","口味:5.1,环境:6.1,服务:5.7",115,0,316,20,200,,"味道赞:29,服务热情:23,高大上:3,菜品少:17,羊蝎子:10,朋友聚餐:3,价格高:25,分量少:24,性价比低:9,上菜慢:7"
241,97643789,10,库克山冰淇淋,丰台万达广场店,,,2,97643789,,,"口味:7.0,环境:7.2,服务:7.2",0,0,12,35,200,,味道赞:3
121,102300550,20,PUMA,丰台万达广场店,,,2,102300550,,"周一至周日
10:00-21:00","产品:7.2,环境:7.6,服务:7.2",0,0,1,35,200,,
26085,95039765,20,TIAMOFLOWER,丰台万达广场店,,,2,95039765,,"周一至周日
10:00-22:00","产品:7.4,环境:7.6,服务:7.6",0,0,2,35,200,,
217,98210565,10,栗栗家,万达广场丰科店,15650767815,,2,98210565,,"周一至周日
09:00-21:00","口味:6.9,环境:6.9,服务:7.0",0,0,9,30,200,,服务热情:3
32698,83601574,20,元懋翔,丰台万达广场店,83362288-928,,2,83601574,,"周一至周日
10:00-22:00","产品:8.5,环境:8.5,服务:8.5",0,0,12,45,200,,"服务热情:6,环境优雅:3,店大:5"
157,98273322,50,和颜悦色无痕接发,万达店,15811030321,,2,98033636,,"周一至周日
09:00-21:00","效果:7.8,环境:7.8,服务:7.6",0,0,3,40,200,,
1833,74952399,10,甘茶度,丰台万达广场店,13501231651,18910141426,2,74952399,,"周一至周日
10:00-22:00","口味:6.5,环境:6.9,服务:6.7",25,0,100,30,200,,"服务热情:25,味道赞:15,饮品赞:10,价格实惠:6,性价比高:6,回头客:4,午餐:3"
2816,92683535,55,瑞恩钻饰名店,丰台科技园万达广场店,4000908610-125118,,2,92683535,,"周一至周日
10:00-22:00",,0,0,8,40,200,,"服务热情:4,环境优雅:3"
33760,76851946,20,77蒸汽电子烟,丰台万达广场店,,,2,76851946,,"周一至周日
10:00-22:00","产品:7.8,环境:8.0,服务:8.0",0,0,8,40,200,,服务热情:4
157,98129388,50,主流文发,,13621139398,,2,98129388,,"周一至周日
09:30-22:00","效果:7.6,环境:7.7,服务:7.5",0,0,5,35,200,,
120,74951076,20,ME&CITY,丰台万达广场店,63701306,,2,74951076,,"周一至周日
10:00-22:00","产品:7.1,环境:7.2,服务:6.8",0,0,5,35,200,,
210,97661211,10,喵巷甜品,,15810507269,,2,97661211,,"周一至周日
09:30-21:00","口味:7.1,环境:7.1,服务:7.1",0,0,1,35,200,,
197,98961587,80,途牛旅游,丰科万达营业部,63731130,,2,98961587,,"周一至周日
10:00-22:00","产品:7.6,服务:7.6,划算:7.6",0,0,1,35,200,,
235,74617593,85,保兴平价大药房,丰台万达广场店,63725144,,2,2923681,,"周一至周日
09:00-22:00",,0,0,14,20,200,,
2814,74618411,55,BLOVE婚戒定制中心,丰科万达店,4000908610-209416,,2,74618411,,"周一至周日
10:00-21:30",,0,0,4,40,200,,
241,74952838,10,冰雪公园,丰台万达广场店,13623630669,,2,74952838,,"周一至周日
10:00-21:00","口味:7.2,环境:7.2,服务:7.1",16,0,38,35,200,,"味道赞:6,服务热情:6,饮品赞:5,价格实惠:5,性价比高:4"
120,75008884,20,MO&Co.,丰台万达广场店,,,2,75008884,摩安珂,"周一至周日
10:00-22:00","产品:7.1,环境:7.1,服务:7.2",0,0,3,35,200,,
33943,74618243,20,松山棉店,丰科万达广场店,,,2,74618243,,"周一至周日
10:00-22:00","产品:7.4,环境:7.3,服务:7.3",0,0,5,35,200,,
1833,74953043,10,VQ鲜榨果汁,北京丰科万达店,18811363584,,2,74953043,,"周一至周日
10:00-22:00","口味:7.4,环境:7.4,服务:7.3",20,0,23,35,200,,"味道赞:4,菜品健康:3"
33760,95037639,20,吴裕泰,丰台万达广场店,83690906,4006101887,2,95037639,,"周一至周日
09:00-22:00","产品:7.8,环境:7.8,服务:7.8",0,0,5,40,200,,
121,74952011,20,asics,丰台万达广场店,4008210893,,2,74952011,亚瑟士|爱世克斯,"周一至周日
10:00-22:00","产品:6.4,环境:7.7,服务:6.4",0,0,3,30,200,,
33760,97494791,20,小罐茶,丰台万达广场店,18600581492,,2,97494791,,"周一至周日
10:00-22:00","产品:7.7,环境:7.7,服务:7.6",0,0,3,35,200,,
120,75008703,20,TOMMYHILFIGER,丰台万达广场店,4000198500,,2,75008703,汤米・希尔费格,"周一至周日
10:00-22:00","产品:7.2,环境:7.2,服务:7.2",0,0,2,35,200,,
1833,74952536,10,鲜果时间,丰台万达广场店,15801621005,,2,74952536,,"周一至周日
10:00-22:00","口味:7.4,环境:7.3,服务:7.2",17,0,53,35,200,,"饮品赞:5,味道赞:5,服务热情:5"
33943,74665767,20,海澜之家,丰科万达广场店,4008922001,,2,74665767,HLA,"周一至周日
10:00-22:00","产品:7.5,环境:7.5,服务:7.5",0,0,10,35,200,,"款式丰富:5,价格实惠:4,服务热情:3"
1833,75008111,10,鲜果时间,丰台万达广场店,15801621005,,2,75008111,,"周一至周日
10:00-22:00","口味:7.1,环境:7.0,服务:7.1",11,0,14,35,200,,味道赞:3
122,74618180,20,流行美,丰科万达广场店,18500858575,,2,74618180,,"周一至周日
10:00-22:00","产品:7.5,环境:7.8,服务:7.8",0,0,4,40,200,,
128,75008283,20,aojo,丰台万达广场店,15724714906,,2,75008283,,"周一至周日
10:00-22:00","产品:5.9,环境:5.9,服务:6.0",0,0,9,20,200,,服务热情:4
157,92156154,50,Sleek时尚假发,丰台万达广场店,18518258857,,2,92156154,,"周一至周日
10:00-22:00","效果:7.2,环境:7.0,服务:7.0",0,0,2,35,200,,
223,91029710,10,爱有梅有,万达广场店,18614256585,,2,91029710,,"周一至周日
10:00-22:00","口味:7.8,环境:7.6,服务:7.6",0,0,11,40,200,,服务热情:4
120,74950863,20,leemonsan,丰台万达广场店,,,2,74950863,,"周一至周日
10:00-22:00","产品:7.7,环境:7.7,服务:7.7",0,0,3,35,200,,
180,90448287,65,万达广场停车场,丰台万达广场店,4000000688,,2,90448287,,"周一至周日
全天",,0,0,16,35,200,,
122,75008902,20,千叶,丰台万达广场店,,,2,75008902,,"周一至周日
10:00-22:00","产品:7.7,环境:7.7,服务:7.7",0,0,3,35,200,,
27809,74950857,70,balabala,丰台万达广场店,,,2,74950857,,"周一至周日
10:00-22:00",,0,0,6,35,200,,
131,74952159,20,荣泰生活馆,丰台万达广场店,,,2,74952159,,"周一至周日
10:00-22:00","产品:6.8,环境:7.3,服务:6.8",0,0,5,30,200,,
33943,74952168,20,利郎生活馆,丰台万达广场店,83362288,,2,74952168,,"周一至周日
10:00-22:00","产品:7.7,环境:7.7,服务:7.7",0,0,4,35,200,,
33759,95037397,20,优禾生活,丰台万达广场店,,,2,95037397,,"周一至周日
09:00-21:00","口味:7.6,环境:7.6,服务:7.6",0,0,2,35,200,,
1833,102178109,10,零度乐园,丰科万达广场店,15010068209,,2,102178109,,"周一至周日
11:00-22:00","口味:7.5,环境:7.5,服务:7.1",0,0,1,35,200,,
121,74952166,20,SKECHERS,丰台万达广场店,13426414576,,2,74952166,斯凯奇,"周一至周日
10:00-22:00","产品:7.7,环境:7.7,服务:7.5",0,0,12,35,200,,服务热情:4
6716,83518823,20,CASIO,丰台万达广场店,,,2,83518823,,"周一至周日
10:00-22:00","产品:7.6,环境:7.6,服务:7.6",0,0,1,35,200,,
125,74951085,70,Aimerkids,丰台万达广场店,63718050,,2,74951085,,"周一至周日
10:00-22:00",,0,0,5,35,200,,服务热情:4
120,74951071,20,爱客AIKE,丰台万达广场店,,,2,74951071,,"周一至周日
09:00-23:00","产品:7.6,环境:7.6,服务:7.4",0,0,9,35,200,,服务热情:3
123,93977039,50,植物医生,丰台万达广场店,,,2,93977039,,"周一至周日
10:00-22:00","效果:7.2,环境:7.3,服务:7.1",0,0,3,35,200,,
122,74618390,20,诗普琳,丰科万达广场店,83679452,,2,74618390,,"周一至周日
10:00-22:00","产品:7.6,环境:7.6,服务:7.6",0,0,2,35,200,,
120,74950652,20,okaidi,丰台万达广场店,83362288,,2,74950652,,"周一至周日
10:00-22:00","产品:7.7,环境:7.7,服务:7.5",0,0,4,35,200,,服务热情:3
2992,98205541,70,天天艺术・魔法音乐舞蹈教室,丰台万达店,4000303096-01785,,2,98205541,,"周一至周日
10:00-20:30","效果:6.4,师资:6.3,环境:6.3",0,0,4,30,200,,
222,95037790,10,绝味鸭脖,丰台万达广场店,13051281797,,2,95037790,,"周一至周日
10:30-21:00","口味:6.9,环境:7.0,服务:6.5",0,0,12,30,200,,
6715,74618218,20,中国黄金,丰台万达广场店,,,2,74618218,,"周一至周日
10:00-22:00","产品:7.4,环境:7.4,服务:7.4",0,0,5,35,200,,
33858,75008889,20,ikamini,丰台万达广场店,,,2,75008889,,"周一至周日
10:00-22:00","产品:7.5,环境:7.7,服务:7.5",0,0,2,35,200,,
120,74952386,20,ABLEJEANS,丰台万达广场店,,,2,74952386,,"周一至周日
10:00-22:00","产品:7.5,环境:7.3,服务:7.3",0,0,3,35,200,,
33979,75003439,80,爱回收,丰台万达广场店,58449992,,2,75003439,,"周一至周日
10:00-22:00",,0,0,8,35,200,,
124,74952153,20,apple,丰台万达广场店,63722090,,2,74952153,,"周一至周日
10:00-22:00","产品:6.9,环境:6.9,服务:6.8",0,0,1,30,200,,
2816,74618405,55,谢瑞麟,丰科万达广场店,,,2,74618405,,"周一至周日
9:00-19:00",,0,0,3,35,200,,
226,110309216,10,鲜品萃外带寿司店,万达广场店,17610670863,,2,110309216,,"周一至周日
10:00-22:00","口味:7.4,环境:7.4,服务:7.4",0,0,2,35,200,,
121,98567685,20,vans,西铁营万达广场店,,,2,98567685,,"周一至周日
10:00-22:00","产品:7.4,环境:7.4,服务:7.4",0,0,1,35,200,,
120,75008716,20,vicutu,丰台万达广场店,83609926,,2,75008716,,"周一至周日
10:00-22:00","产品:7.4,环境:7.4,服务:7.4",0,0,6,35,200,,
1811,99612785,10,老北京果艺坊,,,,2,99612785,,"周一至周日
10:00-22:00","口味:7.4,环境:7.4,服务:7.4",0,0,1,35,200,,
124,98312509,20,戴尔,丰台万达广场店,18611486797,,2,98312509,,"周一至周日
10:00-22:00","产品:7.4,环境:7.1,服务:7.3",0,0,5,35,200,,
33943,74951079,20,Lily商务时装,丰台万达店,63712790,,2,74951079,,"周一至周日
10:00-22:00","产品:7.1,环境:6.9,服务:6.9",0,0,2,30,200,,
33905,74634351,20,食草堂,丰台万达广场店,,,2,74634351,,"周一至周日
10:00-22:00","产品:7.2,环境:7.3,服务:6.9",0,0,4,35,200,,
120,83518339,20,MOVEUP,丰台万达广场店,63712306,,2,83518339,,"周一至周日
10:00-22:00","产品:7.3,环境:7.3,服务:7.3",0,0,2,35,200,,
33858,74617816,20,谭木匠,丰台万达广场店,13439666050,13381444003,2,74617816,,"周一至周日
10:00-22:00","产品:7.3,环境:7.3,服务:7.3",0,0,6,35,200,,
120,74952370,20,kikc,丰台万达广场店,,,2,74952370,,"周一至周日
10:00-22:00","产品:7.3,环境:7.3,服务:7.3",0,0,3,35,200,,
33858,98590201,20,摩卡其,,,,2,98590201,,"周一至周日
10:00-22:00","产品:7.3,环境:7.3,服务:7.3",0,0,2,35,200,,
121,74952383,20,newbalance,丰台万达广场店,4008902887,,2,74952383,,"周一至周日
10:00-22:00","产品:7.3,环境:7.3,服务:7.3",0,0,2,35,200,,
124,74952157,20,oppo,丰台万达广场店,83683576,,2,74952157,,"周一至周日
10:00-22:00","产品:7.3,环境:7.3,服务:7.3",0,0,4,35,200,,
221,97216902,10,小妖兽舌尖上的麻辣烫,,15811406900,,2,97216902,,"周一至周日
09:30-22:00","口味:7.3,环境:7.3,服务:7.1",0,0,12,35,200,,"服务热情:5,味道赞:3"
33906,76851724,20,calvinkleinunderwear,丰台万达广场店,,,2,76851724,,"周一至周日
09:00-21:00","产品:7.2,环境:7.2,服务:7.2",0,0,4,35,200,,
120,75009024,20,PEACEBIRD,丰台万达广场店,28852135,,2,75009024,太平鸟,"周一至周日
10:00-22:00","产品:7.2,环境:7.2,服务:7.2",0,0,2,35,200,,
6716,95039948,20,亨得利,万达广场店,,,2,95039948,,"周一至周日
09:00-20:00","产品:7.2,环境:7.2,服务:7.2",0,0,1,35,200,,
120,75008903,20,JNBY,丰台万达广场店,,,2,75008903,江南布衣,"周一至周日
10:00-22:00","产品:7.2,环境:7.2,服务:7.2",0,0,2,35,200,,
131,83519342,20,LANO兰诺,丰台万达广场店,,,2,83519342,,"周一至周日
10:00-22:00","产品:7.2,环境:7.5,服务:7.2",0,0,2,35,200,,
33943,74952156,20,GXG,丰台万达广场店,83017076,,2,74952156,Gill Mix Green,"周一至周日
10:00-22:00","产品:7.2,环境:7.2,服务:7.2",0,0,3,35,200,,
125,74951796,70,小猪班纳,丰台万达广场店,,,2,74951796,,"周一至周日
10:00-22:00",,0,0,2,35,200,,
124,74952164,20,vivo,丰台万达广场店,18511268678,,2,74952164,,"周一至周日
10:00-22:00","产品:7.2,环境:7.2,服务:7.2",0,0,1,35,200,,
33943,98722603,20,northlattitude,丰台万达广场店,,,2,98722603,,"周一至周日
10:00-22:00","产品:7.2,环境:7.2,服务:7.2",0,0,1,35,200,,
2714,110536544,20,恒纯,,,,2,110536544,,,"口味:7.2,环境:7.2,服务:7.2",0,0,1,35,200,,
124,74952165,20,lenovo,丰台万达广场店,13520382486,,2,74952165,,"周一至周日
10:00-22:00","产品:7.2,环境:7.2,服务:7.2",0,0,1,35,200,,
121,74955396,20,特步,丰台万达广场店,4007201333,,2,74955396,,"周一至周日
10:00-22:00","产品:7.2,环境:7.2,服务:7.1",0,0,4,35,200,,
120,75008509,20,HAZZYS,万达广场丰科路综合店,,,2,75008509,哈吉斯,"周一至周日
10:00-22:00","产品:7.1,环境:7.1,服务:7.1",0,0,2,35,200,,
122,74617671,20,AJIDOU阿吉豆,丰台万达店,,,2,74617671,,"周一至周日
10:00-22:00","产品:7.0,环境:7.0,服务:7.3",0,0,6,35,200,,
121,74616974,20,李宁,丰台万达广场店,83683736,,2,74616974,,"周一至周日
10:00-22:00","产品:7.2,环境:7.4,服务:7.4",0,0,6,35,200,,
33990,83518554,80,EMPORIOARMANI名表维修,丰台万达广场店,,,2,83518554,,"周一至周日
10:00-22:00","效果:-,服务:-,划算:-",0,0,0,35,200,,
120,83569378,20,阪织屋,丰台万达广场店,83362288-888,,2,83569378,,"周一至周日
10:00-22:00","产品:7.3,环境:7.1,服务:7.1",0,0,3,35,200,,
131,98516001,20,木槿生活,,,,2,98516001,,"周一至周日
10:00-22:00","产品:7.1,环境:7.1,服务:7.0",0,0,4,35,200,,
123,75008118,50,ubskin,丰台万达广场店,17782622460,,2,75008118,,"周一至周日
09:30-22:00","效果:7.1,环境:7.1,服务:7.1",0,0,2,35,200,,
217,113062993,10,蓉李记,北京丰台科技万达店,,,2,113062993,,"周一至周日
10:30-22:00","口味:7.1,环境:7.1,服务:7.1",0,0,2,35,200,,
158,95037904,50,BINF,丰台万达广场店,,,2,95037904,,"周一至周日
09:00-21:00","效果:7.5,环境:7.1,服务:7.1",0,0,1,35,200,,
121,74616417,20,INTERSPORT,,,,2,74616417,,"周一至周日
10:00-22:00","产品:7.6,环境:7.5,服务:7.1",0,0,5,35,200,,
120,75008898,20,FivePlus?,丰台万达广场店,63780302,4008000086,2,75008898,5+,"周一至周日
10:00-22:00","产品:7.0,环境:7.0,服务:6.9",0,0,4,35,200,,
120,74951078,20,imi’s,丰台万达广场店,,,2,74951078,,"周一至周日
10:00-22:00","产品:7.1,环境:7.1,服务:7.1",0,0,3,35,200,,
120,74633847,20,小愚,丰台万达广场店,18611067292,,2,74633847,,"周一至周日
10:00-22:00","产品:7.1,环境:7.1,服务:7.1",0,0,1,35,200,,
122,96068617,20,Dear・Hug,丰台万达广场店,17610870257,,2,96068617,,"周一至周日
10:00-22:00","产品:7.1,环境:7.1,服务:7.1",0,0,1,35,200,,
120,75008888,20,XIIBASKET十二篮,丰台万达广场店,,,2,75008888,,"周一至周日
10:00-22:00","产品:7.1,环境:7.1,服务:7.1",0,0,2,35,200,,
120,74951073,20,omi,丰台万达广场店,,,2,74951073,,"周一至周日
10:00-22:00","产品:7.1,环境:7.1,服务:6.9",0,0,3,35,200,,
33760,98796333,20,百酒宝,,,,2,98796333,,"周一至周日
10:00-22:00","产品:7.1,环境:6.8,服务:6.5",0,0,1,35,200,,
131,74950650,20,simonin,丰台万达广场店,,,2,74950650,,"周一至周日
10:00-22:00","产品:7.1,环境:7.1,服务:7.1",0,0,1,35,200,,
124,74952163,20,三星,丰台万达广场店,18611866881,,2,74952163,,"周一至周日
10:00-22:00","产品:7.1,环境:7.1,服务:7.1",0,0,2,35,200,,
120,74950861,20,ONLY,总部基地万达广场店,,,2,74950861,,"周一至周日
10:00-22:00","产品:7.1,环境:7.1,服务:6.9",0,0,3,35,200,,
33943,75008710,20,VERO MODA,丰台万达广场店,,,2,75008710,,"周一至周日
10:00-22:00","产品:7.0,环境:7.0,服务:7.0",0,0,3,35,200,,
33905,75008886,20,dissona,丰台万达广场店,13426346341,,2,75008886,,"周一至周日
10:00-22:00","产品:7.0,环境:7.0,服务:7.0",0,0,1,35,200,,
124,83519826,20,DRAGONSTAR英龙华辰,丰台万达广场店,15928298752,,2,83519826,,"周一至周日
10:00-22:00","产品:6.9,环境:7.0,服务:7.0",0,0,1,35,200,,
33943,74952380,20,Semir,丰台万达广场店,4008877588,,2,74952380,森马,"周一至周日
10:00-22:00","产品:7.0,环境:7.2,服务:7.0",0,0,4,35,200,,
33943,74952377,20,SELECTED,丰台万达广场店,,,2,74952377,思莱德,"周一至周日
10:00-22:00","产品:7.0,环境:7.0,服务:7.0",0,0,1,35,200,,
121,92179883,20,宜动体育,,,,2,92179883,,"周一至周日
10:00-22:00","产品:7.0,环境:7.0,服务:7.0",0,0,1,35,200,,
6717,75008895,20,lno,丰台万达广场店,,,2,75008895,,"周一至周日
10:00-22:00","产品:7.0,环境:7.0,服务:7.0",0,0,2,35,200,,
121,74666165,20,安踏,丰台万达广场店,,,2,74666165,,"周一至周日
10:00-22:00","产品:7.0,环境:7.0,服务:7.0",0,0,1,35,200,,
122,74617931,20,伶俐,,,,2,74617931,,"周一至周日
10:00-22:00","产品:7.0,环境:7.0,服务:7.0",0,0,3,35,200,,
120,74950951,20,crz,丰台万达广场店,,,2,74950951,,"周一至周日
10:00-22:00","产品:7.0,环境:7.0,服务:7.0",0,0,1,35,200,,
120,74950867,20,designice,丰台万达广场店,,,2,74950867,,"周一至周日
10:00-22:00","产品:7.0,环境:7.0,服务:7.0",0,0,1,35,200,,
32705,112053916,90,科沃斯机器人,丰科万达店,13311514529,,2,112053916,,"周一至周日
10:00-22:00",,0,0,3,35,200,,
120,74952154,20,goldlion,丰台万达广场店,57141344,,2,74952154,金利来,"周一至周日
10:00-22:00","产品:7.0,环境:7.0,服务:7.0",0,0,1,35,200,,
120,74951080,20,suiduto,丰台万达广场店,,,2,74951080,,"周一至周日
10:00-22:00","产品:7.0,环境:6.9,服务:6.9",0,0,1,35,200,,
120,75009025,20,s.deer,丰台万达广场店,,,2,75009025,,"周一至周日
10:00-22:00","产品:7.0,环境:7.0,服务:7.0",0,0,1,35,200,,
120,74952147,20,TRENDIANO,丰台万达广场店,63750910,,2,74952147,川蒂埃诺,"周一至周日
10:00-22:00","产品:7.0,环境:7.0,服务:7.0",0,0,1,35,200,,
131,74952267,20,vapep（77,丰台万达广场店,,,2,74952267,,"周一至周日
10:00-22:00","产品:7.0,环境:7.0,服务:7.0",0,0,1,35,200,,
120,75008907,20,scher,丰台万达广场店,18910252935,,2,75008907,,"周一至周日
10:00-22:00","产品:7.0,环境:7.0,服务:7.0",0,0,1,35,200,,
120,75008885,20,psalter,丰台万达广场店,,,2,75008885,,"周一至周日
10:00-22:00","产品:7.0,环境:7.0,服务:7.0",0,0,1,35,200,,
120,75008899,20,souad,丰台万达广场店,,,2,75008899,,"周一至周日
10:00-22:00","产品:7.0,环境:7.0,服务:7.0",0,0,1,35,200,,
122,75008714,20,Clatina高级珠宝定制,丰台万达广场店,63733334,,2,75008714,,"周一至周日
10:00-22:00","产品:7.0,环境:7.0,服务:7.0",0,0,1,35,200,,
1833,83517662,10,假日沙滩 SAND PLAY,丰台万达广场店,,,2,83517662,,"周一至周日
10:00-22:00","口味:6.9,环境:6.9,服务:6.9",0,0,1,35,200,,
1833,74617577,10,零度乐园,万达广场丰科店,13466783905,,2,74617577,,"周一至周日
10:00-22:00","口味:7.2,环境:7.2,服务:7.1",18,0,39,30,200,,"味道赞:11,服务热情:7,饮品赞:5,价格实惠:4,性价比高:4"
131,74617977,20,施华洛,丰台万达广场店,15928298752,,2,74617977,,"周一至周日
10:00-22:00","产品:6.9,环境:6.9,服务:6.9",0,0,3,30,200,,
123,75008415,50,嘉媚乐,丰台万达广场店,,,2,75008415,,"周一至周日
10:00-22:00","效果:6.9,环境:6.9,服务:6.9",0,0,2,30,200,,
123,74618537,50,AUPRES,丰台万达广场店,,,2,74618537,欧珀莱,"周一至周日
10:00-22:00","效果:7.1,环境:7.3,服务:6.6",0,0,4,30,200,,
120,74618552,20,接吻猫,丰台万达广场店,,,2,74618552,,"周一至周日
10:00-22:00","产品:7.0,环境:7.0,服务:6.9",0,0,1,35,200,,
120,74952271,20,HIPANDA,丰台万达广场店,,,2,74952271,你好熊猫,"周一至周日
10:00-22:00","产品:6.9,环境:6.9,服务:6.9",0,0,1,35,200,,
120,74618527,20,ochirly,丰台万达广场店,4008800086,,2,74618527,欧时力,"周一至周日
10:00-22:00","产品:6.8,环境:6.9,服务:6.9",0,0,3,35,200,,
121,74952005,20,POLOSPORT,丰台万达广场店,,,2,74952005,保罗运动,"周一至周日
10:00-22:00","产品:6.9,环境:7.1,服务:7.1",0,0,3,35,200,,
125,74633945,70,特步儿童,丰台万达广场店,4007201333,,2,74633945,,"周一至周日
10:00-22:00",,0,0,2,35,200,,
131,83599866,20,诺曼姿,,83362288-888,,2,83599866,,"周一至周日
10:00-22:00","产品:7.0,环境:7.0,服务:7.0",0,0,1,35,200,,
120,74952172,20,NineWayHOMME,丰台万达广场店,,,2,74952172,,"周一至周日
10:00-22:00","产品:6.9,环境:6.9,服务:6.9",0,0,1,35,200,,
120,74663053,20,七匹狼,丰科万达广场店,15810612019,,2,74663053,,"周一至周日
10:00-22:00","产品:7.1,环境:6.6,服务:6.6",0,0,2,30,200,,
120,74951948,20,825ing,丰台万达广场店,,,2,74951948,,"周一至周日
10:00-22:00","产品:6.9,环境:7.1,服务:7.1",0,0,2,30,200,,
118,95040206,10,梅你不渴,丰台万达广场店,,,2,95040206,,"周一至周日
10:00-22:00","口味:7.2,环境:7.2,服务:6.8",0,0,12,30,200,,
33943,83517875,20,GORNIA,丰台万达广场店,,,2,83517875,,"周一至周日
10:00-22:00","产品:7.0,环境:7.0,服务:6.8",0,0,1,30,200,,
120,75008702,20,CK Underwear,丰台万达广场店,,,2,75008702,,"周一至周日
10:00-22:00","产品:-,环境:-,服务:-",0,0,0,30,200,,
227,97327482,10,泰客餐厅,丰台万达广场店,83630942,,2,97327482,,"周一至周日
11:00-22:00","口味:-,环境:-,服务:-",96,0,266,0,200,,"菜品不错:33,主食赞:22,饮品赞:14,牛肉赞:9,回头客:8,海鲜棒:5,点心好:4,闺蜜聚会:8,朋友聚餐:3,分量适中:3"
120,74951946,20,offsun,丰台万达广场店,,,2,74951946,,"周一至周日
10:00-22:00","产品:6.9,环境:6.9,服务:6.9",0,0,1,30,200,,
121,74664175,20,adidas,丰台万达广场店,4009995999,,2,74664175,阿迪达斯|阿迪,"周一至周日
10:00-22:00","产品:6.9,环境:6.9,服务:5.9",0,0,2,20,200,,
125,74633899,70,泥淘淘,丰台万达广场店,,,2,74633899,,"周一至周日
10:00-22:00",,0,0,1,30,200,,
125,74654894,70,卡丁城堡,丰台万达广场店,,,2,74654894,,"周一至周日
10:00-22:00",,0,0,0,30,200,,
210,112664323,10,袁记肉夹馍,丰台万达广场店,,,2,112664323,,,"口味:6.6,环境:7.2,服务:7.2",0,0,2,30,200,,
34034,102300391,50,百润美源美容养生会所,丰台万达广场店,,,2,102300391,,,"效果:-,环境:-,服务:-",0,0,0,30,200,,
222,98057892,10,绝味鸭脖,西铁营万达店,13611355762,,2,98057892,,"周一至周日
10:00-22:00","口味:6.8,环境:6.7,服务:6.7",0,0,8,30,200,,
124,74660896,20,未来维度,丰台万达广场店,15001336291,,2,74660896,,"周一至周日
10:00-22:00","产品:-,环境:-,服务:-",0,0,1,30,200,,
493,101565700,50,北京三合刺青,,17600315575,,2,101565700,,,"效果:-,环境:-,服务:-",0,0,0,30,200,,
27809,74951938,70,ANTA KIDS,丰台万达广场店,,,2,74951938,,"周一至周日
10:00-22:00",,0,0,0,30,200,,
120,75008887,20,MARK FAIRWHALE,丰台万达广场店,53675767,,2,75008887,马克华菲|Fairwhale,"周一至周日
10:00-21:00","产品:-,环境:-,服务:-",0,0,0,30,200,,
121,75008706,20,aigle,丰台万达广场店,,,2,75008706,,"周一至周日
10:00-22:00","产品:-,环境:-,服务:-",0,0,0,30,200,,
125,74951093,70,adidaskids,丰台万达广场店,,,2,74951093,,"周一至周日
10:00-22:00",,0,0,1,35,200,,
118,83599847,10,优贝施,丰台万达广场店,83362288-888,,2,83599847,,"周一至周日
10:00-22:00","口味:-,环境:-,服务:-",0,0,0,30,200,,
33768,74634406,70,开森婴童,丰台万达广场店,,,2,74634406,,,"效果:-,师资:-,环境:-",0,0,0,30,200,,
158,102297773,50,卡罗・新美妆,丰台万达广场店,,,2,102297773,Caro,,"效果:-,环境:-,服务:-",0,0,0,30,200,,
148,95039631,50,YOGA,丰台万达广场店,,,2,95039631,,"周一至周日
09:00-21:00","效果:-,环境:-,服务:-",0,0,0,30,200,,
120,75008882,20,EACHWAY+CARMEN,丰台万达广场店,,,2,75008882,,"周一至周日
10:00-22:00","产品:-,环境:-,服务:-",0,0,0,30,200,,
121,74618468,20,gant,丰科万达广场店,,,2,74618468,,"周一至周日
10:00-22:00","产品:-,环境:-,服务:-",0,0,0,30,200,,
235,75008418,85,康美人生,丰台万达广场店,83362288,,2,75008418,,"周一至周日
10:00-22:00",,0,0,0,30,200,,
157,102299311,50,MOBE,丰台万达广场店,,,2,102299311,,,"效果:-,环境:-,服务:-",0,0,0,30,200,,
157,95040124,50,HAIRDRESSING,丰台万达广场店,,,2,95040124,,"周一至周日
10:00-21:00","效果:-,环境:-,服务:-",0,0,0,30,200,,
117,95039844,10,3D Aoqihai,丰台万达广场店,,,2,95039844,,"周一至周日
09:00-22:00","口味:-,环境:-,服务:-",0,0,0,30,200,,
120,74950651,20,CAPON,丰台万达广场店,,,2,74950651,,"周一至周日
10:00-22:00","产品:7.0,环境:7.0,服务:6.7",0,0,2,30,200,,
120,74952378,20,dealuna,丰台万达广场店,63702162,,2,74952378,,"周一至周日
10:00-22:00","产品:-,环境:-,服务:-",0,0,0,30,200,,
125,74653494,70,博士有成,丰台万达广场店,,,2,74653494,,"周一至周日
10:00-22:00",,0,0,1,30,200,,
125,74652489,70,因否,丰台万达广场店,,,2,74652489,,"周一至周日
10:00-22:00",,0,0,0,30,200,,
120,74658688,20,写生集,丰台万达广场店,15711136598,,2,74658688,,"周一至周日
10:00-22:00","产品:-,环境:-,服务:-",0,0,0,30,200,,
120,74952123,20,RobinHood,丰台万达广场店,13911836529,,2,74952123,,"周一至周日
10:00-22:00","产品:-,环境:-,服务:-",0,0,0,30,200,,
120,74950653,20,evaeve,丰台万达广场店,,,2,74950653,,"周一至周日
10:00-22:00","产品:-,环境:-,服务:-",0,0,0,30,200,,
33943,90070676,20,依文,丰台万达广场店,,,2,90070676,,"周一至周日
10:00-22:00","产品:7.1,环境:7.1,服务:6.6",0,0,4,30,200,,
120,74950866,20,MATERIAL?GIRL,丰台万达广场店,13621009525,,2,74950866,玛蒂丽尔|拜金女孩|MG,"周一至周日
10:00-21:00","产品:6.9,环境:6.9,服务:6.6",0,0,2,30,200,,
131,75008500,20,THEGREENPARTY,丰台万达广场店,,,2,75008500,,"周一至周日
10:00-22:00","产品:7.2,环境:7.1,服务:6.2",0,0,18,30,200,,价格实惠:5
120,75098260,20,MLB,丰台万达广场店,,,2,75098260,,"周一至周日
10:00-22:00","产品:7.7,环境:7.7,服务:5.7",0,0,2,20,200,,
120,75008713,20,DAZZLE,丰台万达广场店,,,2,75008713,地素,"周一至周日
10:00-22:00","产品:6.4,环境:6.4,服务:6.4",0,0,3,30,200,,
1191,102408290,55,石库门老上海・宴会厅,丰台万达广场店,4000908610-181271,,2,102408290,,,"场地:8.1,服务:7.8,菜品:6.6",0,0,1,30,200,,
124,97920135,20,瓢虫科技,丰台万达广场店,,,2,97920135,,"周一至周日
10:00-22:00","产品:6.0,环境:7.2,服务:6.4",0,0,1,20,200,,
124,83518556,20,HUAWEI,丰台万达广场店,,,2,83518556,,"周一至周日
10:00-21:00","产品:7.5,环境:6.4,服务:6.0",0,0,1,20,200,,
6844,102300816,55,茉莉公馆原创高端形象定制,丰台万达广场店,,,2,102300816,,,,0,0,4,20,200,,
50,102300596,50,紫爵精油,丰台万达广场店,,,2,102300596,,"周一至周日
10:00-22:00","效果:5.7,环境:5.7,服务:5.7",0,0,2,20,200,,
123,102299016,50,3 CONCEPT EYES,丰台万达广场店,,,2,102299016,,"周一至周日
10:00-22:00","效果:6.3,环境:6.3,服务:5.5",0,0,3,20,200,,
157,112028212,50,木北造型,丰科桥万达广场金街店,53659627,,2,98113094,,,"效果:-,环境:-,服务:-",0,0,0,0,200,,
26465,102300406,80,义和雅苑,丰台万达广场店,,,2,102300406,,"周一至周日
全天","交通:7.7,配套:7.7,质量:7.7",0,0,1,35,200,,
27769,83518975,70,宝贝天地,丰台万达广场店,,,2,83518975,,,,0,0,0,0,200,,
127,103017998,20,一书?书屋,丰科万达,18612017730,,2,103017998,,"周一至周日
01:00-00:00","产品:-,环境:-,服务:-",0,0,0,0,200,,
198,100283842,10,石岸门・上海菜,丰台万达广场店,,,2,100283842,,,"口味:-,环境:-,服务:-",0,0,0,0,200,,
229,83569478,10,mini peace,,83362288-888,,2,83569478,,"周一至周日
11:00-21:30","口味:-,环境:-,服务:-",0,0,0,0,200,,
137,95040037,30,电玩互动区,丰台万达广场店,,,2,95040037,,"周一至周日
10:00-22:00",,0,0,0,0,200,,
251,102299299,10,0 QUAI SEAFOOD,丰台万达广场店,,,2,102299299,,,"口味:-,环境:-,服务:-",0,0,0,0,200,,
4467,105453520,10,金掌门东北小馆,,63739150,,2,105453520,,,"口味:-,环境:-,服务:-",0,0,0,0,200,,
25467,95039548,30,new约街头,丰台万达广场店,,,2,95039548,,"周一至周日
10:00-21:00",,0,0,0,0,200,,
1833,97573395,10,甘茶度,槐房万达店,18638912459,,2,97573395,,"周一至周日
10:00-22:00","口味:-,环境:-,服务:-",0,0,0,0,200,,
217,102298920,10,鲜粮卷饼王,丰台万达广场店,,,2,102298920,,,"口味:-,环境:-,服务:-",0,0,0,0,200,,
27769,95040143,70,丛林探险,丰台万达广场店,,,2,95040143,,"周一至周日
09:00-18:30",,0,0,0,0,200,,
120,102297276,20,OCONCEPT,丰台万达广场店,,,2,102297276,,"周一至周日
10:00-22:00","产品:-,环境:-,服务:-",0,0,0,0,200,,
32705,95039133,90,dyson,丰台万达广场店,,,2,95039133,,"周一至周日
09:00-18:30",,0,0,0,0,200,,
33857,102296906,30,弹个车体验店,丰台万达广场店,,,2,102296906,TANGECHE,"周一至周日
10:00-22:00",,0,0,0,0,200,,
241,98606710,10,salud冻酸奶,,,,2,98606710,,"周一至周日
10:00-22:00","口味:-,环境:-,服务:-",0,0,0,0,200,,
34124,98151237,20,zippo,,,,2,98151237,,"周一至周日
10:00-21:00","产品:-,环境:-,服务:-",0,0,0,0,200,,
26085,113272345,20,悦木之源,,,,2,113272345,,,"产品:-,环境:-,服务:-",0,0,0,0,200,,
33944,102299741,20,BeLLE,丰台万达广场店,,,2,102299741,,"周一至周日
10:00-21:30","产品:-,环境:-,服务:-",0,0,0,0,200,,
34025,97835827,80,knocknock售货机器人,,4009910758,,2,97835827,,"周一至周日
10:00-22:00",,0,0,0,0,200,,
27810,83518376,70,乐智小天地,丰台万达广场店,,,2,83518376,,"周一至周日
10:00-22:00",,0,0,0,0,200,,
217,100355062,10,库桥炸鸡,,,,2,100355062,,,"口味:-,环境:-,服务:-",0,0,0,0,200,,
27809,98684873,70,巴拉巴拉,西铁营万达店,,,2,98684873,,"周一至周日
10:00-22:00",,0,0,0,0,200,,
2714,94660586,20,爱尚水果捞,万达金街店,18500486086,,2,94660586,,,"口味:-,环境:-,服务:-",0,0,0,0,200,,
129,103243716,20,花鸟虫鱼店,,,,2,103243716,,"周一至周日
10:00-22:00","产品:-,环境:-,服务:-",0,0,0,0,200,,
33906,83519159,20,SHCER茜施尔,丰台万达广场店,,,2,83519159,,"周一至周日
10:00-22:00","产品:-,环境:-,服务:-",0,0,0,0,200,,
117,112778748,10,香港芳叔,,,,2,112778748,,,"口味:-,环境:-,服务:-",0,0,0,0,200,,
120,83518349,20,CalvinKleinJeans,丰台万达广场店,,,2,83518349,,"周一至周日
09:00-21:00","产品:-,环境:-,服务:-",0,0,0,0,200,,
231,102296885,10,Kitchen TABLE,丰台万达广场店,,,2,102296885,,,"口味:-,环境:-,服务:-",0,0,0,0,200,,
125,98343918,70,迪士尼,丰台万达广场店,,,2,98343918,,"周一至周日
09:00-20:30",,0,0,0,0,200,,
117,102299401,10,smoothie shoppe,丰台万达广场店,,,2,102299401,,,"口味:-,环境:-,服务:-",0,0,0,0,200,,
26101,102298147,20,图文广告文具,丰台万达广场店,,,2,102298147,,"周一至周日
10:00-22:00","产品:-,环境:-,服务:-",0,0,0,0,200,,
27768,101977611,70,迷度辣妈产后修复,,,,2,101977611,,,,0,0,0,0,200,,
116,105828215,10,榴莲比萨,,,,2,105828215,,,"口味:-,环境:-,服务:-",0,0,0,0,200,,
33760,98516514,20,世界酒水,,18510122763,,2,98516514,,"周一至周日
10:00-22:00","产品:-,环境:-,服务:-",0,0,1,0,200,,
27769,102300582,70,小天才,丰台万达广场店,,,2,102300582,,,,0,0,0,0,200,,
120,75008516,20,CKPERFORMANCE,丰台万达广场店,83362288,,2,75008516,,周一至周日 10:00-22:00,"产品:-,环境:-,服务:-",0,0,0,0,200,,
50,102297405,50,真珠美学,丰台万达广场店,,,2,102297405,pearlosophy,"周一至周日
10:00-22:00","效果:-,环境:-,服务:-",0,0,0,0,200,,
254,83568101,10,利郎生活馆,丰台万达广场店,83362288-888,,2,83568101,,,"口味:-,环境:-,服务:-",0,0,0,0,200,,
158,95039475,50,3d面部美学设计体验中心,丰台万达广场店,,,2,95039475,,"周一至周日
09:00-21:00","效果:-,环境:-,服务:-",0,0,0,0,200,,
50,106032455,50,抓,,,,2,106032455,,"周一至周日
10:00-22:00","效果:-,环境:-,服务:-",0,0,0,0,200,,
131,102299658,20,Mother,丰台万达广场店,,,2,102299658,,"周一至周日
10:00-22:00","产品:-,环境:-,服务:-",0,0,0,0,200,,
131,102300339,20,JeLLy POPPiNG CANDy,丰台万达广场店,,,2,102300339,,"周一至周日
10:00-22:00","产品:-,环境:-,服务:-",0,0,0,0,200,,
124,102297374,20,荣耀,丰台万达广场店,52894883,,2,102297374,honor,"周一至周日
10:00-22:00","产品:-,环境:-,服务:-",0,0,0,0,200,,
128,108696445,20,宝岛银镜,,,,2,108696445,,"周一至周日
10:00-22:00","产品:-,环境:-,服务:-",0,0,0,0,200,,
217,95038038,10,Pleasecuthere,丰台万达广场店,,,2,95038038,,"周一至周日
10:00-21:00","口味:-,环境:-,服务:-",0,0,0,0,200,,
33944,108380418,20,品牌鞋店,万达广场,,,2,108380418,,"周一至周日
10:00-22:00","产品:-,环境:-,服务:-",0,0,0,0,200,,
116,93029369,10,suchibar,丰台万达广场店,,,2,93029369,,,"口味:-,环境:-,服务:-",0,0,0,0,200,,
1833,92948462,10,5个橙子鲜榨橙汁自动贩卖机,,13269991022,,2,92948462,,"周一至周日
09:30-24:00","口味:-,环境:-,服务:-",0,0,0,0,200,,
3027,97368845,10,庆岭渔府,丰台万达广场店,,,2,97368845,,,"口味:-,环境:-,服务:-",0,0,0,0,200,,
131,102299829,20,FARMERS&ARTISTS,丰台万达广场店,,,2,102299829,,"周一至周日
10:00-22:00","产品:-,环境:-,服务:-",0,0,0,0,200,,
131,83520246,20,嘉年华,丰台万达广场店,,,2,83520246,,"周一至周日
10:00-22:00","产品:-,环境:-,服务:-",0,0,0,0,200,,
120,102297259,20,ERDOS,丰台万达广场店,,,2,102297259,,"周一至周日
10:00-22:00","产品:-,环境:-,服务:-",0,0,0,0,200,,
124,98845379,20,丰台,万达店,,,2,98845379,,"周一至周日
10:00-22:00","产品:-,环境:-,服务:-",0,0,0,0,200,,
120,108923893,20,Bouthentique,,83362288,,2,108923893,,"周一至周日
10:00-22:00","产品:-,环境:-,服务:-",0,0,0,0,200,,
217,101798691,10,负映霞小吃部,,,,2,101798691,,,"口味:-,环境:-,服务:-",0,0,0,0,200,,
1833,95037594,10,EneaunTea,丰台万达广场店,,,2,95037594,,"周一至周日
10:00-21:00","口味:-,环境:-,服务:-",0,0,0,0,200,,
121,74951939,20,TOREAD,丰台万达广场店,4007008178,,2,74951939,探路者,"周一至周日
10:00-22:00","产品:-,环境:-,服务:-",0,0,0,0,200,,
26085,96181308,20,桃夭花艺,科技园店,,,2,96180171,,,"产品:-,环境:-,服务:-",0,0,0,0,200,,
33943,83518935,20,nordicbynature,丰台万达广场店,,,2,83518935,,"周一至周日
10:00-22:00","产品:-,环境:-,服务:-",0,0,0,0,200,,
125,83519057,70,lijiababy,丰台万达广场店,,,2,83519057,,周一至周日 10:00-22:00,,0,0,0,0,200,,
210,97607942,10,果艺坊.冰糖葫芦,,,,2,97607942,,,"口味:-,环境:-,服务:-",0,0,0,0,200,,
118,102300430,10,东济堂山东阿胶,丰台万达广场店,,,2,102300430,,,"口味:-,环境:-,服务:-",0,0,0,0,200,,
210,93034175,10,知味,丰台万达广场店,,,2,93034175,,,"口味:-,环境:-,服务:-",0,0,0,0,200,,
6830,95037364,90,零醛全屋定制,丰台万达广场店,,,2,95037364,,周一至周日 10:00-22:00,,0,0,0,0,200,,
2572,102297658,50,专业祛斑祛痘,丰台万达广场店,,,2,102297658,,,"效果:-,环境:-,服务:-",0,0,0,0,200,,
217,102299416,10,LiTTLE BONES,丰台万达广场店,,,2,102299416,,,"口味:-,环境:-,服务:-",0,0,0,0,200,,
120,102296935,20,AFU,丰台万达广场店,,,2,102296935,,"周一至周日
10:00-22:00","产品:-,环境:-,服务:-",0,0,0,0,200,,
121,83519994,20,Discovery,丰台万达广场店,,,2,83519994,,"周一至周日
10:00-21:00","产品:-,环境:-,服务:-",0,0,0,0,200,,
120,98694315,20,aimer,丰台万达广场店,,,2,98694315,,"周一至周日
10:00-22:00","产品:-,环境:-,服务:-",0,0,0,0,200,,
27769,83519950,70,黑米厨房,丰台万达广场店,,,2,83519950,,"周一至周日
10:00-22:00",,0,0,0,0,200,,
252,102297801,10,China Gold,丰台万达广场店,,,2,102297801,,,"口味:-,环境:-,服务:-",0,0,0,0,200,,
217,102300647,10,HOTOOG FASTFOOD,丰台万达广场店,,,2,102300647,,,"口味:-,环境:-,服务:-",0,0,0,0,200,,
33887,102894188,90,sheepet,,,,2,102894188,,"周一至周日
10:00-22:00",,0,0,0,0,200,,
2818,98151715,55,中国黄金,,,,2,98151715,,"周一至周日
09:00-21:00",,0,0,0,0,200,,
131,102300350,20,抓,丰台万达广场店,,,2,102300350,zzw,"周一至周日
10:00-22:00","产品:-,环境:-,服务:-",0,0,0,0,200,,
121,102298111,20,ANTA SPORTS,丰台万达广场店,,,2,102298111,,"周一至周日
10:00-22:00","产品:-,环境:-,服务:-",0,0,0,0,200,,
120,102299761,20,D KWEN,丰台万达广场店,,,2,102299761,,"周一至周日
10:00-22:00","产品:-,环境:-,服务:-",0,0,0,0,200,,
33943,97796353,20,Erods,,,,2,97796353,,"周一至周日
10:00-22:00","产品:-,环境:-,服务:-",0,0,0,0,200,,
120,93918110,20,BATA,丰台万达店,13311202683,,2,93918110,,"周一至周日
10:00-22:00","产品:-,环境:-,服务:-",0,0,0,0,200,,
120,108638964,20,TITI,,,,2,108638964,,"周一至周日
10:00-22:00","产品:-,环境:-,服务:-",0,0,0,0,200,,
125,83517929,70,gretton,丰台万达广场店,,,2,83517929,,周一至周日 10:00-22:00,,0,0,0,0,200,,
217,102296841,10,Italianos,丰台万达广场店,,,2,102296841,,,"口味:-,环境:-,服务:-",0,0,0,0,200,,
106,75638592,10,五感食喜,丰科万达店,,,2,75638592,,"周一至周日
10:30-14:00
16:30-21:00","口味:-,环境:-,服务:-",0,0,0,0,200,,
26085,113938921,20,花音集,总部基地,59468051,18910247409,2,113938921,,"周一至周日
全天","产品:-,环境:-,服务:-",0,0,0,0,200,,
25411,83567974,55,OMI,,4000908610-190190,,2,83567974,,"周一至周日
10:00-22:00","款式:-,质量:-,服务:-",0,0,0,0,200,,
131,95039815,20,BEE  CHENG HIANG,丰台万达广场店,,,2,95039815,,周一至周日 10:00-22:00,"产品:-,环境:-,服务:-",0,0,0,0,200,,
6716,95040002,20,天王表,丰台万达广场店,,,2,95040002,,周一至周日 10:00-22:00,"产品:-,环境:-,服务:-",0,0,0,0,200,,
124,110354473,20,丰科万达,荣耀店,52894883,,2,110354473,,"周一至周日
10:00-22:00","产品:-,环境:-,服务:-",0,0,0,0,200,,
124,100305928,20,手机充电处,,,,2,100305928,,"周一至周日
10:00-22:00","产品:-,环境:-,服务:-",0,0,0,0,200,,
120,102298437,20,SEPTWOLVES,丰台万达广场店,,,2,102298437,,"周一至周日
10:00-22:00","产品:-,环境:-,服务:-",0,0,0,0,200,,
33970,102298885,80,远行置业,丰台万达广场店,,,2,102298885,,,,0,0,0,0,200,,
2882,83569456,75,伶俐,,83362288-888,,2,83557838,,,"效果:-,师资:-,环境:-",0,0,0,0,200,,
3064,111180831,80,证照易,,,,2,111180831,,,,0,0,0,0,200,,
34123,106590567,75,JHR智能机器人,万达广场,,,2,106590567,,,"效果:-,师资:-,环境:-",0,0,0,0,200,,
2816,98678166,55,周大生,,,,2,98678166,,"周一至周日
10:00-21:00",,0,0,0,0,200,,
131,102300444,20,木染空间,丰台万达广场店,,,2,102300444,WU・LIFE,"周一至周日
10:00-22:00","产品:-,环境:-,服务:-",0,0,0,0,200,,
131,102298549,20,PokePRoyecT,丰台万达广场店,,,2,102298549,,"周一至周日
10:00-22:00","产品:-,环境:-,服务:-",0,0,0,0,200,,
131,102297355,20,EloquentDintiict,丰台万达广场店,,,2,102297355,,"周一至周日
10:00-22:00","产品:-,环境:-,服务:-",0,0,0,0,200,,
131,102300072,20,MEHOW,丰台万达广场店,,,2,102300072,,"周一至周日
10:00-22:00","产品:-,环境:-,服务:-",0,0,0,0,200,,
131,102298110,20,MUMUSO,丰台万达广场店,,,2,102298110,,"周一至周日
10:00-22:00","产品:-,环境:-,服务:-",0,0,0,0,200,,
131,102298557,20,supermarket,丰台万达广场店,,,2,102298557,,"周一至周日
10:00-22:00","产品:-,环境:-,服务:-",0,0,0,0,200,,
6716,95039687,20,罗西尼,丰台万达广场店,,,2,95039687,,周一至周日 10:00-22:00,"产品:-,环境:-,服务:-",0,0,0,0,200,,
120,102297223,20,Lining,丰台万达广场店,,,2,102297223,,"周一至周日
10:00-22:00","产品:-,环境:-,服务:-",0,0,0,0,200,,
122,98151189,20,SHINE,,,,2,98151189,,"周一至周日
09:00-22:00","产品:-,环境:-,服务:-",0,0,0,0,200,,
217,102296964,10,Experimente combinar frango e bacon,丰台万达广场店,,,2,102296964,,,"口味:-,环境:-,服务:-",0,0,0,0,200,,
3078,111114580,80,售票处,,,,2,111114580,,,,0,0,0,0,200,,
26465,111262217,80,熙悦安郡,,,,2,111262217,,"周一至周日
全天","交通:-,配套:-,质量:-",0,0,0,0,200,,
34124,113347632,20,凯知乐,,,,2,113347632,,,"产品:-,环境:-,服务:-",0,0,0,0,200,,
34034,83569074,50,卡蔓,,83362288-910,,2,83569074,,"周一至周日
10:00-21:00","效果:-,环境:-,服务:-",0,0,0,0,200,,
131,102296932,20,Prorentus,丰台万达广场店,,,2,102296932,,"周一至周日
10:00-22:00","产品:-,环境:-,服务:-",0,0,0,0,200,,
131,102299694,20,SINCELO,丰台万达广场店,,,2,102299694,,"周一至周日
10:00-22:00","产品:-,环境:-,服务:-",0,0,0,0,200,,
131,102299699,20,SANDE MAN,丰台万达广场店,,,2,102299699,,"周一至周日
10:00-22:00","产品:-,环境:-,服务:-",0,0,0,0,200,,
131,102299328,20,H3C,丰台万达广场店,,,2,102299328,,"周一至周日
10:00-22:00","产品:-,环境:-,服务:-",0,0,0,0,200,,
131,102298984,20,RICK&LUCY,丰台万达广场店,,,2,102298984,,"周一至周日
10:00-22:00","产品:-,环境:-,服务:-",0,0,0,0,200,,
124,83518353,20,SAMSUNG,丰台万达广场店,,,2,83518353,,"周一至周日
10:00-21:00","产品:-,环境:-,服务:-",0,0,0,0,200,,
121,83520567,20,Anything is posslble,丰台万达广场店,,,2,83520567,,周一至周日 10:00-22:00,"产品:-,环境:-,服务:-",0,0,0,0,200,,
122,102881121,20,CI HUT,,56205196,,2,102881121,,"周一至周日
10:00-22:00","产品:-,环境:-,服务:-",0,0,0,0,200,,
120,99929394,20,袜上,,,,2,99929394,,"周一至周日
10:00-22:00","产品:-,环境:-,服务:-",0,0,0,0,200,,
125,102299245,70,步步高,丰台万达广场店,,,2,102299245,,"周一至周日
10:00-22:00",,0,0,0,0,200,,
131,102297407,20,CRUX,丰台万达广场店,,,2,102297407,,"周一至周日
10:00-22:00","产品:-,环境:-,服务:-",0,0,0,0,200,,
26491,102297687,80,Luoting Realty Co.,丰台万达广场店,,,2,102297687,,,,0,0,0,0,200,,
131,83599638,20,24小时,,83362288-907,,2,83599638,,"周一至周日
10:00-22:00","产品:-,环境:-,服务:-",0,0,0,0,200,,
131,102298073,20,CHOOSE BROOLLYN,丰台万达广场店,,,2,102298073,,"周一至周日
10:00-22:00","产品:-,环境:-,服务:-",0,0,0,0,200,,
131,102297709,20,kingslon,丰台万达广场店,,,2,102297709,,"周一至周日
10:00-22:00","产品:-,环境:-,服务:-",0,0,0,0,200,,
131,102298564,20,CUC GNA,丰台万达广场店,,,2,102298564,,"周一至周日
10:00-22:00","产品:-,环境:-,服务:-",0,0,0,0,200,,
131,102300097,20,NicoLetto&apos;s,丰台万达广场店,,,2,102300097,,"周一至周日
10:00-22:00","产品:-,环境:-,服务:-",0,0,0,0,200,,
131,102296970,20,ABSOLUT VODKA,丰台万达广场店,,,2,102296970,,"周一至周日
10:00-22:00","产品:-,环境:-,服务:-",0,0,0,0,200,,
131,102298879,20,FLORAL,丰台万达广场店,,,2,102298879,,"周一至周日
10:00-22:00","产品:-,环境:-,服务:-",0,0,0,0,200,,
3010,111251663,80,员工区域,,,,2,111251663,,,"效率:-,服务:-,交通:-",0,0,0,0,200,,
131,102300554,20,Kenmore,丰台万达广场店,,,2,102300554,,"周一至周日
10:00-22:00","产品:-,环境:-,服务:-",0,0,0,0,200,,
1833,112772654,10,趣果时间,,,,2,112772654,,,"口味:-,环境:-,服务:-",0,0,0,0,200,,
120,113226493,20,爱美丽,,,,2,113226493,,"周一至周日
10:00-21:30","产品:-,环境:-,服务:-",0,0,0,0,200,,
120,102300576,20,SONGSHAN,丰台万达广场店,,,2,102300576,,"周一至周日
10:00-22:00","产品:-,环境:-,服务:-",0,0,0,0,200,,
3057,113310327,75,易滑轮,,,,2,113310327,,,"效果:-,师资:-,环境:-",0,0,0,0,200,,
131,75008520,20,EVEHOME,丰台万达广场店,,,2,75008520,,周一至周日 10:00-22:00,"产品:-,环境:-,服务:-",0,0,0,0,200,,
131,102299376,20,Greta Luis,丰台万达广场店,,,2,102299376,,"周一至周日
10:00-22:00","产品:-,环境:-,服务:-",0,0,0,0,200,,
131,83601572,20,潮品挚尚,,83362288-893,,2,83601572,,,"产品:-,环境:-,服务:-",0,0,0,0,200,,
131,102296945,20,Fammily Bouitque,丰台万达广场店,,,2,102296945,,"周一至周日
10:00-22:00","产品:-,环境:-,服务:-",0,0,0,0,200,,
2714,100902774,20,良艳顺源水产,,,,2,100902774,,,"口味:-,环境:-,服务:-",0,0,0,0,200,,
131,95038303,20,honeiAorgoTrtag,丰台万达广场店,,,2,95038303,,周一至周日 10:00-22:00,"产品:-,环境:-,服务:-",0,0,0,0,200,,
112,74670345,10,穿巷,丰台万达广场店,13835427062,,2,74670345,,"周一至周日
10:00-21:00","口味:6.9,环境:7.2,服务:7.1",34,0,135,35,200,,"味道赞:28,主食赞:22,服务热情:11,价格实惠:8,性价比高:7,上菜快:4,牛肉赞:4,午餐:13,工作餐:5,分量少:3"
102,92495494,10,再次鱼你邂逅,万达金街店,83630390,,2,92495494,,"周一至周日
10:30-22:00","口味:8.5,环境:8.5,服务:8.4",39,0,688,45,200,,"海鲜棒:12,上菜快:6,回头客:6,干净卫生:5,肉类好:5,主食赞:3,文艺清新:10,工作餐:7,朋友聚餐:3,分量少:7"
210,98245684,10,卤人甲,丰科万达金街店,13439931345,,2,98245684,,"周一至周日
11:00-21:30","口味:7.7,环境:7.6,服务:7.6",0,0,18,40,200,,"服务热情:4,味道赞:3"
210,96439685,10,黄太吉,万达金街店,13641336640,,2,96439685,,"周一至周日
07:00-20:00","口味:6.8,环境:6.8,服务:7.1",21,0,38,35,200,,"味道赞:7,服务热情:6,性价比高:4,饮品赞:3,午餐:3,沙拉:3"
6694,97567418,30,柠檬工坊,,13718928571,,2,97567418,,"周一至周日
12:00-00:00","项目:7.9,环境:8.0,服务:8.0",0,0,9,40,200,,
246,93100298,10,百烫千味,,13810334586,,2,93100298,,"周一至周日
10:30-20:00","口味:7.7,环境:7.5,服务:7.5",23,0,24,35,200,,"味道赞:7,牛肉赞:4,干净卫生:3,价格实惠:3"
221,93550370,10,杨国福麻辣烫,丰台万达金街店,13683643718,,2,93550370,,,"口味:7.0,环境:7.0,服务:7.0",0,0,3,35,200,,
